rank,node_name,node_type,exec_type,samples,mean_real_time_ms,p50_real_time_ms,p95_real_time_ms,max_real_time_ms
1,mul_2/aten.mul.Tensor/Multiply,Convolution,brgconv_avx2_f32,20,2.02025,2.016,2.0645000000000002,2.093
2,mul_11/aten.mul.Tensor/Multiply,Convolution,brgconv_avx2_f32,20,1.9875500000000001,1.9665,2.0797000000000003,2.093
3,mul_14/aten.mul.Tensor/Multiply,Convolution,brgconv_avx2_f32,20,1.9546,1.9449999999999998,2.0250500000000002,2.045
4,mul_44/aten.mul.Tensor/Multiply,Convolution,brgconv_avx2_f32,20,1.9092000000000002,1.907,1.94715,1.95
5,mul_5/aten.mul.Tensor/Multiply,Convolution,brgconv_avx2_f32,20,1.90685,1.9035000000000002,1.92605,1.9269999999999998
6,mul_8/aten.mul.Tensor/Multiply,Convolution,brgconv_avx2_f32,20,1.8826999999999998,1.88,1.90005,1.9009999999999998
7,mul_41/aten.mul.Tensor/Multiply,Convolution,brgconv_avx2_f32,20,1.8593500000000003,1.8585,1.8743,1.88
8,mul_29/aten.mul.Tensor/Multiply,Convolution,brgconv_avx2_f32,20,1.8551500000000005,1.8575,1.8673,1.873
9,mul_56/aten.mul.Tensor/Multiply,Convolution,brgconv_avx2_f32,20,1.8439500000000002,1.843,1.85225,1.857
10,mul_59/aten.mul.Tensor/Multiply,Convolution,brgconv_avx2_f32,20,1.8377000000000003,1.8355,1.8540999999999999,1.856
11,mul_20/aten.mul.Tensor/Multiply,Convolution,brgconv_avx2_f32,20,1.81535,1.818,1.8311,1.833
12,mul_26/aten.mul.Tensor/Multiply,Convolution,brgconv_avx2_f32,20,1.81525,1.8165,1.8301500000000002,1.833
13,mul_35/aten.mul.Tensor/Multiply,Convolution,brgconv_avx2_f32,20,1.8145,1.812,1.8322500000000002,1.8370000000000002
14,mul_50/aten.mul.Tensor/Multiply,Convolution,brgconv_avx2_f32,20,1.8032000000000004,1.797,1.8622999999999998,1.868
15,linear_7/aten.linear.default/Add,FullyConnected,gemm_mlas_f32,20,1.4568499999999998,1.4575,1.4903,1.496
16,linear_25/aten.linear.default/Add,FullyConnected,gemm_mlas_f32,20,1.4164999999999996,1.4165,1.42915,1.432
17,linear_13/aten.linear.default/Add,FullyConnected,gemm_mlas_f32,20,1.3992,1.3940000000000001,1.4491500000000002,1.452
18,linear_19/aten.linear.default/Add,FullyConnected,gemm_mlas_f32,20,1.3978,1.3900000000000001,1.4612,1.4649999999999999
19,linear_6/aten.linear.default/Add,FullyConnected,brgemm_avx2_f32,20,1.36805,1.365,1.4212500000000001,1.426
20,linear_18/aten.linear.default/Add,FullyConnected,brgemm_avx2_f32,20,1.34805,1.3384999999999998,1.4073,1.413
21,linear_24/aten.linear.default/Add,FullyConnected,brgemm_avx2_f32,20,1.32865,1.3259999999999998,1.33975,1.3539999999999999
22,linear_12/aten.linear.default/Add,FullyConnected,brgemm_avx2_f32,20,1.2848000000000002,1.286,1.2910500000000003,1.292
23,mul_47/aten.mul.Tensor/Multiply,Convolution,brgconv_avx2_f32,20,1.0792499999999996,1.0844999999999998,1.1039999999999999,1.1039999999999999
24,mul_17/aten.mul.Tensor/Multiply,Convolution,brgconv_avx2_f32,20,1.0636499999999998,1.0594999999999999,1.087,1.087
25,mul_32/aten.mul.Tensor/Multiply,Convolution,brgconv_avx2_f32,20,1.0265,1.026,1.0622,1.066
26,linear_35/aten.linear.default/Add,FullyConnected,gemm_mlas_f32,20,0.58705,0.5865,0.61895,0.637
27,linear_34/aten.linear.default/Add,FullyConnected,brgemm_avx2_f32,20,0.51585,0.5145,0.5276000000000001,0.539
28,bmm_1/aten.bmm.default/MatMul,Subgraph,jit_avx2_f32,20,0.44575000000000004,0.44499999999999995,0.45740000000000003,0.465
29,bmm_5/aten.bmm.default/MatMul,Subgraph,jit_avx2_f32,20,0.43055000000000004,0.427,0.45725000000000005,0.462
30,convolution_20/aten.convolution.default/Convolution,Convolution,brgconv_avx2_1x1_f32,20,0.38475,0.384,0.39505,0.39599999999999996
31,bmm_7/aten.bmm.default/MatMul,Subgraph,jit_avx2_f32,20,0.38039999999999996,0.378,0.3991,0.40099999999999997
32,bmm_3/aten.bmm.default/MatMul,Subgraph,jit_avx2_f32,20,0.37625000000000003,0.3745,0.3862,0.39
33,linear_5/aten.linear.default/Add,FullyConnected,gemm_mlas_f32,20,0.36645,0.363,0.38215,0.38499999999999995
34,max_pool2d_with_indices/aten.max_pool2d_with_indices.default/MaxPool,MaxPool,jit_avx2_f32,20,0.33670000000000005,0.3385,0.35145000000000004,0.36000000000000004
35,linear_3/aten.linear.default/Add,FullyConnected,gemm_mlas_f32,20,0.33669999999999994,0.33399999999999996,0.35180000000000006,0.367
36,linear_17/aten.linear.default/Add,FullyConnected,gemm_mlas_f32,20,0.33345,0.3265,0.3663,0.372
37,linear_4/aten.linear.default/Add,FullyConnected,gemm_mlas_f32,20,0.32975,0.3265,0.34070000000000006,0.354
38,linear_2/aten.linear.default/Add,FullyConnected,brgemm_avx2_f32,20,0.3168,0.303,0.3669,0.384
39,linear_15/aten.linear.default/Add,FullyConnected,gemm_mlas_f32,20,0.31635,0.314,0.3421,0.34400000000000003
40,linear_23/aten.linear.default/Add,FullyConnected,gemm_mlas_f32,20,0.3119,0.313,0.31930000000000003,0.325
41,linear_32/aten.linear.default/Add,FullyConnected,gemm_mlas_f32,20,0.30095000000000005,0.3,0.31465,0.32699999999999996
42,linear_31/aten.linear.default/Add,FullyConnected,gemm_mlas_f32,20,0.29569999999999996,0.296,0.30125,0.306
43,linear_11/aten.linear.default/Add,FullyConnected,gemm_mlas_f32,20,0.29035,0.29,0.29714999999999997,0.3
44,linear_8/aten.linear.default/Add,FullyConnected,brgemm_avx2_f32,20,0.28489999999999993,0.2835,0.294,0.294
45,linear_14/aten.linear.default/Add,FullyConnected,brgemm_avx2_f32,20,0.27890000000000004,0.27849999999999997,0.29405,0.29500000000000004
46,linear_20/aten.linear.default/Add,FullyConnected,brgemm_avx2_f32,20,0.27425000000000005,0.27449999999999997,0.283,0.283
47,linear_16/aten.linear.default/Add,FullyConnected,gemm_mlas_f32,20,0.27364999999999995,0.27349999999999997,0.28025,0.285
48,linear_21/aten.linear.default/Add,FullyConnected,gemm_mlas_f32,20,0.27149999999999996,0.272,0.2841,0.28600000000000003
49,mul_53/aten.mul.Tensor/Multiply,Convolution,brgconv_avx2_1x1_f32,20,0.26914999999999994,0.268,0.28205,0.283
50,linear_10/aten.linear.default/Add,FullyConnected,gemm_mlas_f32,20,0.2689,0.26849999999999996,0.27905,0.27999999999999997
51,linear_9/aten.linear.default/Add,FullyConnected,gemm_mlas_f32,20,0.2672,0.26749999999999996,0.27404999999999996,0.275
52,linear_22/aten.linear.default/Add,FullyConnected,gemm_mlas_f32,20,0.252,0.2485,0.26505,0.266
53,wrist_image_abcd_acdb_mul_2/aten.mul.Tensor/Multiply,Reorder,jit_uni_f32,20,0.23845,0.23850000000000002,0.24205,0.243
54,mul_38/aten.mul.Tensor/Multiply,Convolution,brgconv_avx2_1x1_f32,20,0.22245000000000004,0.224,0.2321,0.23399999999999999
55,bmm_11/aten.bmm.default/MatMul,Subgraph,jit_avx2_f32,20,0.22160000000000002,0.2205,0.23165000000000002,0.244
56,mul_23/aten.mul.Tensor/Multiply,Convolution,brgconv_avx2_1x1_f32,20,0.20905,0.2115,0.22105,0.222
57,linear_33/aten.linear.default/Add,FullyConnected,gemm_mlas_f32,20,0.14504999999999998,0.14450000000000002,0.15505,0.156
58,cat_3/aten.cat.default/Concat,Concat,ref_f32,20,0.0663,0.06499999999999999,0.07200000000000001,0.07200000000000001
59,linear_1/aten.linear.default/Add,FullyConnected,gemm_mlas_f32,20,0.05685,0.05,0.0976,0.10900000000000001
60,Transpose_12104,Transpose,unknown_f32,20,0.05120000000000001,0.0515,0.05505,0.056
61,Transpose_12220,Transpose,unknown_f32,20,0.04980000000000001,0.05,0.0522,0.056
62,Transpose_12162,Transpose,unknown_f32,20,0.04815000000000001,0.048,0.052,0.052
63,Transpose_12133,Transpose,unknown_f32,20,0.039900000000000005,0.04,0.04205,0.043000000000000003
64,permute_1/aten.permute.default/Transpose,Transpose,unknown_f32,20,0.03875000000000001,0.0385,0.04005,0.041
65,Transpose_12191,Transpose,unknown_f32,20,0.03765000000000001,0.038,0.041,0.041
66,add_53/aten.add.Tensor/Add,Subgraph,jit_avx2_f32,20,0.029450000000000004,0.030000000000000002,0.032,0.032
67,permute_7/aten.permute.default/Transpose,Transpose,unknown_f32,20,0.028450000000000003,0.028,0.03205,0.033
68,add_59/aten.add.Tensor/Add,Subgraph,jit_avx2_f32,20,0.02840000000000001,0.029,0.03105,0.032
69,add_56/aten.add.Tensor/Add,Subgraph,jit_avx2_f32,20,0.027100000000000003,0.027,0.029,0.029
70,permute_1/aten.permute.default/Transpose_acdb_abcd_view_82/aten.view.default/Reshape,Reorder,reorder_f32,20,0.02665,0.027,0.028,0.028
71,add_52/aten.add.Tensor/Add,Subgraph,jit_avx2_f32,20,0.025300000000000007,0.025500000000000002,0.02605,0.027
72,permute_17/aten.permute.default/Transpose,Transpose,unknown_f32,20,0.025150000000000006,0.025,0.026,0.026
73,add_55/aten.add.Tensor/Add,Subgraph,jit_avx2_f32,20,0.024200000000000006,0.024,0.02605,0.027
74,add_65/aten.add.Tensor/Add,Subgraph,jit_avx2_f32,20,0.023800000000000005,0.024,0.027,0.027
75,add_61/aten.add.Tensor/Add,Subgraph,jit_avx2_f32,20,0.023750000000000004,0.024,0.025,0.025
76,add_58/aten.add.Tensor/Add,Subgraph,jit_avx2_f32,20,0.023450000000000006,0.024,0.026,0.026
77,add_51/aten.add.Tensor/Add,Subgraph,jit_avx2_f32,20,0.022250000000000002,0.022,0.024050000000000002,0.025
78,native_layer_norm_5/aten.native_layer_norm.default/MVN,MVN,jit_avx2_f32,20,0.0221,0.022,0.023100000000000002,0.025
79,add_50/aten.add.Tensor/Add,Subgraph,jit_avx2_f32,20,0.022050000000000004,0.022,0.024,0.024
80,permute_3/aten.permute.default/Transpose,Transpose,unknown_f32,20,0.021650000000000003,0.022,0.024050000000000002,0.025
81,permute_12/aten.permute.default/Transpose,Transpose,unknown_f32,20,0.02025,0.02,0.022,0.022
82,add_57/aten.add.Tensor/Add,Subgraph,jit_avx2_f32,20,0.019900000000000004,0.02,0.020999999999999998,0.020999999999999998
83,native_layer_norm/aten.native_layer_norm.default/MVN,MVN,jit_avx2_f32,20,0.019050000000000004,0.019,0.020050000000000002,0.020999999999999998
84,native_layer_norm_1/aten.native_layer_norm.default/MVN,MVN,jit_avx2_f32,20,0.018900000000000007,0.019,0.020999999999999998,0.020999999999999998
85,permute_22/aten.permute.default/Transpose,Transpose,unknown_f32,20,0.018900000000000007,0.019,0.02,0.02
86,native_layer_norm_3/aten.native_layer_norm.default/MVN,MVN,jit_avx2_f32,20,0.018450000000000005,0.018000000000000002,0.02,0.02
87,native_layer_norm_7/aten.native_layer_norm.default/MVN,MVN,jit_avx2_f32,20,0.018000000000000006,0.018000000000000002,0.019,0.019
88,permute_8/aten.permute.default/Transpose,Transpose,unknown_f32,20,0.017150000000000006,0.017,0.01905,0.02
89,permute_13/aten.permute.default/Transpose,Transpose,unknown_f32,20,0.017150000000000006,0.017,0.01905,0.02
90,add_60/aten.add.Tensor/Add,Subgraph,jit_avx2_f32,20,0.016300000000000002,0.016,0.019,0.019
91,native_layer_norm/aten.native_layer_norm.default/Add,Subgraph,jit_avx2_f32,20,0.016200000000000003,0.016,0.017050000000000003,0.018000000000000002
92,native_layer_norm_6/aten.native_layer_norm.default/MVN,MVN,jit_avx2_f32,20,0.016100000000000003,0.016,0.017,0.017
93,add_54/aten.add.Tensor/Add,Subgraph,jit_avx2_f32,20,0.015150000000000002,0.015000000000000001,0.016,0.016
94,permute_5/aten.permute.default/Transpose,Transpose,unknown_f32,20,0.014900000000000002,0.015000000000000001,0.016,0.016
95,permute_18/aten.permute.default/Transpose,Transpose,unknown_f32,20,0.014300000000000002,0.014,0.015050000000000003,0.016
96,native_layer_norm_4/aten.native_layer_norm.default/MVN,MVN,jit_avx2_f32,20,0.014100000000000005,0.014,0.016,0.016
97,native_layer_norm_2/aten.native_layer_norm.default/MVN,MVN,jit_avx2_f32,20,0.013750000000000004,0.014,0.015000000000000001,0.015000000000000001
98,add_67/aten.add.Tensor/Add,Subgraph,jit_avx2_f32,20,0.013050000000000003,0.013,0.014,0.014
99,permute_10/aten.permute.default/Transpose,Transpose,unknown_f32,20,0.012550000000000002,0.013,0.013,0.013
100,linear_36/aten.linear.default/Add,FullyConnected,gemm_mlas_f32,20,0.012450000000000003,0.012,0.016050000000000002,0.017
101,permute_15/aten.permute.default/Transpose,Transpose,unknown_f32,20,0.012400000000000003,0.012,0.014,0.014
102,add_66/aten.add.Tensor/Add,Subgraph,jit_avx2_f32,20,0.012350000000000003,0.012,0.014050000000000002,0.015000000000000001
103,native_layer_norm_4/aten.native_layer_norm.default/Add,Subgraph,jit_avx2_f32,20,0.011900000000000003,0.012,0.01305,0.014
104,permute_30/aten.permute.default/Transpose,Transpose,unknown_f32,20,0.011400000000000002,0.011,0.012,0.012
105,permute_20/aten.permute.default/Transpose,Transpose,unknown_f32,20,0.009850000000000003,0.01,0.011,0.011
106,native_layer_norm_10/aten.native_layer_norm.default/MVN,MVN,jit_avx2_f32,20,0.008550000000000002,0.009000000000000001,0.009000000000000001,0.009000000000000001
107,permute_32/aten.permute.default/Transpose,Transpose,unknown_f32,20,0.008200000000000002,0.008,0.009000000000000001,0.009000000000000001
108,native_layer_norm_6/aten.native_layer_norm.default/Add,Subgraph,jit_avx2_f32,20,0.007250000000000001,0.007,0.008050000000000002,0.009000000000000001
109,native_layer_norm_2/aten.native_layer_norm.default/Add,Subgraph,jit_avx2_f32,20,0.006150000000000001,0.006,0.007,0.007
110,native_layer_norm_9/aten.native_layer_norm.default/MVN,MVN,jit_avx2_f32,20,0.0060500000000000016,0.006,0.006050000000000001,0.007
111,native_layer_norm_11/aten.native_layer_norm.default/MVN,MVN,jit_avx2_f32,20,0.005900000000000001,0.006,0.006,0.006
112,native_layer_norm_9/aten.native_layer_norm.default/Add,Subgraph,jit_avx2_f32,20,0.004900000000000002,0.005,0.005,0.005
113,native_layer_norm_10/aten.native_layer_norm.default/Add,Subgraph,jit_avx2_f32,20,0.0032000000000000006,0.003,0.004,0.004
114,native_layer_norm_11/aten.native_layer_norm.default/Add,Subgraph,jit_avx2_f32,20,0.0030000000000000005,0.003,0.003,0.003
115,state,Parameter,unknown_f32,20,0.0,0.0,0.0,0.0
116,wrist_image,Parameter,unknown_f32,20,0.0,0.0,0.0,0.0
117,relu/aten.relu.default/Relu,Relu,undef,20,0.0,0.0,0.0,0.0
118,relu_1/aten.relu.default/Relu,Relu,undef,20,0.0,0.0,0.0,0.0
119,add_6/aten.add.Tensor/Add,Add,undef,20,0.0,0.0,0.0,0.0
120,relu_2/aten.relu.default/Relu,Relu,undef,20,0.0,0.0,0.0,0.0
121,relu_3/aten.relu.default/Relu,Relu,undef,20,0.0,0.0,0.0,0.0
122,add_11/aten.add.Tensor/Add,Add,undef,20,0.0,0.0,0.0,0.0
123,relu_4/aten.relu.default/Relu,Relu,undef,20,0.0,0.0,0.0,0.0
124,relu_5/aten.relu.default/Relu,Relu,undef,20,0.0,0.0,0.0,0.0
125,add_18/aten.add.Tensor/Add,Add,undef,20,0.0,0.0,0.0,0.0
126,relu_6/aten.relu.default/Relu,Relu,undef,20,0.0,0.0,0.0,0.0
127,relu_7/aten.relu.default/Relu,Relu,undef,20,0.0,0.0,0.0,0.0
128,add_23/aten.add.Tensor/Add,Add,undef,20,0.0,0.0,0.0,0.0
129,relu_8/aten.relu.default/Relu,Relu,undef,20,0.0,0.0,0.0,0.0
130,relu_9/aten.relu.default/Relu,Relu,undef,20,0.0,0.0,0.0,0.0
131,add_30/aten.add.Tensor/Add,Add,undef,20,0.0,0.0,0.0,0.0
132,relu_10/aten.relu.default/Relu,Relu,undef,20,0.0,0.0,0.0,0.0
133,relu_11/aten.relu.default/Relu,Relu,undef,20,0.0,0.0,0.0,0.0
134,add_35/aten.add.Tensor/Add,Add,undef,20,0.0,0.0,0.0,0.0
135,relu_12/aten.relu.default/Relu,Relu,undef,20,0.0,0.0,0.0,0.0
136,relu_13/aten.relu.default/Relu,Relu,undef,20,0.0,0.0,0.0,0.0
137,add_42/aten.add.Tensor/Add,Add,undef,20,0.0,0.0,0.0,0.0
138,relu_14/aten.relu.default/Relu,Relu,undef,20,0.0,0.0,0.0,0.0
139,relu_15/aten.relu.default/Relu,Relu,undef,20,0.0,0.0,0.0,0.0
140,add_47/aten.add.Tensor/Add,Add,undef,20,0.0,0.0,0.0,0.0
141,relu_16/aten.relu.default/Relu,Relu,undef,20,0.0,0.0,0.0,0.0
142,view_82/aten.view.default/Reshape,Reshape,unknown_f32,20,0.0,0.0,0.0,0.0
143,select_5/aten.select.int/Gather,Gather,unknown_f32,20,0.0,0.0,0.0,0.0
144,select_6/aten.select.int/Gather,Gather,unknown_f32,20,0.0,0.0,0.0,0.0
145,select_7/aten.select.int/Gather,Gather,unknown_f32,20,0.0,0.0,0.0,0.0
146,select_8/aten.select.int/Gather,Gather,unknown_f32,20,0.0,0.0,0.0,0.0
147,select_9/aten.select.int/Gather,Gather,unknown_f32,20,0.0,0.0,0.0,0.0
148,select_10/aten.select.int/Gather,Gather,unknown_f32,20,0.0,0.0,0.0,0.0
149,select_11/aten.select.int/Gather,Gather,unknown_f32,20,0.0,0.0,0.0,0.0
150,select_12/aten.select.int/Gather,Gather,unknown_f32,20,0.0,0.0,0.0,0.0
151,select_13/aten.select.int/Gather,Gather,unknown_f32,20,0.0,0.0,0.0,0.0
152,select_14/aten.select.int/Gather,Gather,unknown_f32,20,0.0,0.0,0.0,0.0
153,select_15/aten.select.int/Gather,Gather,unknown_f32,20,0.0,0.0,0.0,0.0
154,select_16/aten.select.int/Gather,Gather,unknown_f32,20,0.0,0.0,0.0,0.0
155,select_17/aten.select.int/Gather,Gather,unknown_f32,20,0.0,0.0,0.0,0.0
156,select_18/aten.select.int/Gather,Gather,unknown_f32,20,0.0,0.0,0.0,0.0
157,select_19/aten.select.int/Gather,Gather,unknown_f32,20,0.0,0.0,0.0,0.0
158,select_20/aten.select.int/Gather,Gather,unknown_f32,20,0.0,0.0,0.0,0.0
159,select_21/aten.select.int/Gather,Gather,unknown_f32,20,0.0,0.0,0.0,0.0
160,select_22/aten.select.int/Gather,Gather,unknown_f32,20,0.0,0.0,0.0,0.0
161,select_23/aten.select.int/Gather,Gather,unknown_f32,20,0.0,0.0,0.0,0.0
162,select_24/aten.select.int/Gather,Gather,unknown_f32,20,0.0,0.0,0.0,0.0
163,select_25/aten.select.int/Gather,Gather,unknown_f32,20,0.0,0.0,0.0,0.0
164,select_26/aten.select.int/Gather,Gather,unknown_f32,20,0.0,0.0,0.0,0.0
165,select_27/aten.select.int/Gather,Gather,unknown_f32,20,0.0,0.0,0.0,0.0
166,select_28/aten.select.int/Gather,Gather,unknown_f32,20,0.0,0.0,0.0,0.0
167,select_29/aten.select.int/Gather,Gather,unknown_f32,20,0.0,0.0,0.0,0.0
168,select_30/aten.select.int/Gather,Gather,unknown_f32,20,0.0,0.0,0.0,0.0
169,select_31/aten.select.int/Gather,Gather,unknown_f32,20,0.0,0.0,0.0,0.0
170,select_32/aten.select.int/Gather,Gather,unknown_f32,20,0.0,0.0,0.0,0.0
171,select_33/aten.select.int/Gather,Gather,unknown_f32,20,0.0,0.0,0.0,0.0
172,select_34/aten.select.int/Gather,Gather,unknown_f32,20,0.0,0.0,0.0,0.0
173,select_35/aten.select.int/Gather,Gather,unknown_f32,20,0.0,0.0,0.0,0.0
174,select_36/aten.select.int/Gather,Gather,unknown_f32,20,0.0,0.0,0.0,0.0
175,select_37/aten.select.int/Gather,Gather,unknown_f32,20,0.0,0.0,0.0,0.0
176,select_38/aten.select.int/Gather,Gather,unknown_f32,20,0.0,0.0,0.0,0.0
177,select_39/aten.select.int/Gather,Gather,unknown_f32,20,0.0,0.0,0.0,0.0
178,select_40/aten.select.int/Gather,Gather,unknown_f32,20,0.0,0.0,0.0,0.0
179,select_41/aten.select.int/Gather,Gather,unknown_f32,20,0.0,0.0,0.0,0.0
180,select_42/aten.select.int/Gather,Gather,unknown_f32,20,0.0,0.0,0.0,0.0
181,select_43/aten.select.int/Gather,Gather,unknown_f32,20,0.0,0.0,0.0,0.0
182,select_44/aten.select.int/Gather,Gather,unknown_f32,20,0.0,0.0,0.0,0.0
183,select_45/aten.select.int/Gather,Gather,unknown_f32,20,0.0,0.0,0.0,0.0
184,select_46/aten.select.int/Gather,Gather,unknown_f32,20,0.0,0.0,0.0,0.0
185,select_47/aten.select.int/Gather,Gather,unknown_f32,20,0.0,0.0,0.0,0.0
186,select_48/aten.select.int/Gather,Gather,unknown_f32,20,0.0,0.0,0.0,0.0
187,select_49/aten.select.int/Gather,Gather,unknown_f32,20,0.0,0.0,0.0,0.0
188,select_50/aten.select.int/Gather,Gather,unknown_f32,20,0.0,0.0,0.0,0.0
189,select_51/aten.select.int/Gather,Gather,unknown_f32,20,0.0,0.0,0.0,0.0
190,select_52/aten.select.int/Gather,Gather,unknown_f32,20,0.0,0.0,0.0,0.0
191,select_53/aten.select.int/Gather,Gather,unknown_f32,20,0.0,0.0,0.0,0.0
192,select_54/aten.select.int/Gather,Gather,unknown_f32,20,0.0,0.0,0.0,0.0
193,select_55/aten.select.int/Gather,Gather,unknown_f32,20,0.0,0.0,0.0,0.0
194,select_56/aten.select.int/Gather,Gather,unknown_f32,20,0.0,0.0,0.0,0.0
195,select_57/aten.select.int/Gather,Gather,unknown_f32,20,0.0,0.0,0.0,0.0
196,select_58/aten.select.int/Gather,Gather,unknown_f32,20,0.0,0.0,0.0,0.0
197,select_59/aten.select.int/Gather,Gather,unknown_f32,20,0.0,0.0,0.0,0.0
198,select_60/aten.select.int/Gather,Gather,unknown_f32,20,0.0,0.0,0.0,0.0
199,select_61/aten.select.int/Gather,Gather,unknown_f32,20,0.0,0.0,0.0,0.0
200,select_62/aten.select.int/Gather,Gather,unknown_f32,20,0.0,0.0,0.0,0.0
201,select_63/aten.select.int/Gather,Gather,unknown_f32,20,0.0,0.0,0.0,0.0
202,select_64/aten.select.int/Gather,Gather,unknown_f32,20,0.0,0.0,0.0,0.0
203,select_65/aten.select.int/Gather,Gather,unknown_f32,20,0.0,0.0,0.0,0.0
204,select_66/aten.select.int/Gather,Gather,unknown_f32,20,0.0,0.0,0.0,0.0
205,select_67/aten.select.int/Gather,Gather,unknown_f32,20,0.0,0.0,0.0,0.0
206,select_68/aten.select.int/Gather,Gather,unknown_f32,20,0.0,0.0,0.0,0.0
207,select_69/aten.select.int/Gather,Gather,unknown_f32,20,0.0,0.0,0.0,0.0
208,select_70/aten.select.int/Gather,Gather,unknown_f32,20,0.0,0.0,0.0,0.0
209,select_71/aten.select.int/Gather,Gather,unknown_f32,20,0.0,0.0,0.0,0.0
210,select_72/aten.select.int/Gather,Gather,unknown_f32,20,0.0,0.0,0.0,0.0
211,select_73/aten.select.int/Gather,Gather,unknown_f32,20,0.0,0.0,0.0,0.0
212,select_74/aten.select.int/Gather,Gather,unknown_f32,20,0.0,0.0,0.0,0.0
213,select_75/aten.select.int/Gather,Gather,unknown_f32,20,0.0,0.0,0.0,0.0
214,select_76/aten.select.int/Gather,Gather,unknown_f32,20,0.0,0.0,0.0,0.0
215,select_77/aten.select.int/Gather,Gather,unknown_f32,20,0.0,0.0,0.0,0.0
216,select_78/aten.select.int/Gather,Gather,unknown_f32,20,0.0,0.0,0.0,0.0
217,select_79/aten.select.int/Gather,Gather,unknown_f32,20,0.0,0.0,0.0,0.0
218,select_80/aten.select.int/Gather,Gather,unknown_f32,20,0.0,0.0,0.0,0.0
219,select_81/aten.select.int/Gather,Gather,unknown_f32,20,0.0,0.0,0.0,0.0
220,select_82/aten.select.int/Gather,Gather,unknown_f32,20,0.0,0.0,0.0,0.0
221,select_83/aten.select.int/Gather,Gather,unknown_f32,20,0.0,0.0,0.0,0.0
222,select_84/aten.select.int/Gather,Gather,unknown_f32,20,0.0,0.0,0.0,0.0
223,select_85/aten.select.int/Gather,Gather,unknown_f32,20,0.0,0.0,0.0,0.0
224,select_86/aten.select.int/Gather,Gather,unknown_f32,20,0.0,0.0,0.0,0.0
225,select_87/aten.select.int/Gather,Gather,unknown_f32,20,0.0,0.0,0.0,0.0
226,select_88/aten.select.int/Gather,Gather,unknown_f32,20,0.0,0.0,0.0,0.0
227,select_89/aten.select.int/Gather,Gather,unknown_f32,20,0.0,0.0,0.0,0.0
228,select_90/aten.select.int/Gather,Gather,unknown_f32,20,0.0,0.0,0.0,0.0
229,select_91/aten.select.int/Gather,Gather,unknown_f32,20,0.0,0.0,0.0,0.0
230,select_92/aten.select.int/Gather,Gather,unknown_f32,20,0.0,0.0,0.0,0.0
231,select_93/aten.select.int/Gather,Gather,unknown_f32,20,0.0,0.0,0.0,0.0
232,select_94/aten.select.int/Gather,Gather,unknown_f32,20,0.0,0.0,0.0,0.0
233,select_95/aten.select.int/Gather,Gather,unknown_f32,20,0.0,0.0,0.0,0.0
234,select_96/aten.select.int/Gather,Gather,unknown_f32,20,0.0,0.0,0.0,0.0
235,select_97/aten.select.int/Gather,Gather,unknown_f32,20,0.0,0.0,0.0,0.0
236,select_98/aten.select.int/Gather,Gather,unknown_f32,20,0.0,0.0,0.0,0.0
237,select_99/aten.select.int/Gather,Gather,unknown_f32,20,0.0,0.0,0.0,0.0
238,select_100/aten.select.int/Gather,Gather,unknown_f32,20,0.0,0.0,0.0,0.0
239,select_101/aten.select.int/Gather,Gather,unknown_f32,20,0.0,0.0,0.0,0.0
240,select_102/aten.select.int/Gather,Gather,unknown_f32,20,0.0,0.0,0.0,0.0
241,select_103/aten.select.int/Gather,Gather,unknown_f32,20,0.0,0.0,0.0,0.0
242,select_104/aten.select.int/Gather,Gather,unknown_f32,20,0.0,0.0,0.0,0.0
243,select_105/aten.select.int/Gather,Gather,unknown_f32,20,0.0,0.0,0.0,0.0
244,select_106/aten.select.int/Gather,Gather,unknown_f32,20,0.0,0.0,0.0,0.0
245,select_107/aten.select.int/Gather,Gather,unknown_f32,20,0.0,0.0,0.0,0.0
246,select_108/aten.select.int/Gather,Gather,unknown_f32,20,0.0,0.0,0.0,0.0
247,select_109/aten.select.int/Gather,Gather,unknown_f32,20,0.0,0.0,0.0,0.0
248,select_110/aten.select.int/Gather,Gather,unknown_f32,20,0.0,0.0,0.0,0.0
249,select_111/aten.select.int/Gather,Gather,unknown_f32,20,0.0,0.0,0.0,0.0
250,select_112/aten.select.int/Gather,Gather,unknown_f32,20,0.0,0.0,0.0,0.0
251,select_113/aten.select.int/Gather,Gather,unknown_f32,20,0.0,0.0,0.0,0.0
252,select_114/aten.select.int/Gather,Gather,unknown_f32,20,0.0,0.0,0.0,0.0
253,select_115/aten.select.int/Gather,Gather,unknown_f32,20,0.0,0.0,0.0,0.0
254,select_116/aten.select.int/Gather,Gather,unknown_f32,20,0.0,0.0,0.0,0.0
255,select_117/aten.select.int/Gather,Gather,unknown_f32,20,0.0,0.0,0.0,0.0
256,select_118/aten.select.int/Gather,Gather,unknown_f32,20,0.0,0.0,0.0,0.0
257,select_119/aten.select.int/Gather,Gather,unknown_f32,20,0.0,0.0,0.0,0.0
258,select_120/aten.select.int/Gather,Gather,unknown_f32,20,0.0,0.0,0.0,0.0
259,select_121/aten.select.int/Gather,Gather,unknown_f32,20,0.0,0.0,0.0,0.0
260,select_122/aten.select.int/Gather,Gather,unknown_f32,20,0.0,0.0,0.0,0.0
261,select_123/aten.select.int/Gather,Gather,unknown_f32,20,0.0,0.0,0.0,0.0
262,select_124/aten.select.int/Gather,Gather,unknown_f32,20,0.0,0.0,0.0,0.0
263,select_125/aten.select.int/Gather,Gather,unknown_f32,20,0.0,0.0,0.0,0.0
264,select_126/aten.select.int/Gather,Gather,unknown_f32,20,0.0,0.0,0.0,0.0
265,select_127/aten.select.int/Gather,Gather,unknown_f32,20,0.0,0.0,0.0,0.0
266,select_128/aten.select.int/Gather,Gather,unknown_f32,20,0.0,0.0,0.0,0.0
267,select_129/aten.select.int/Gather,Gather,unknown_f32,20,0.0,0.0,0.0,0.0
268,select_130/aten.select.int/Gather,Gather,unknown_f32,20,0.0,0.0,0.0,0.0
269,select_131/aten.select.int/Gather,Gather,unknown_f32,20,0.0,0.0,0.0,0.0
270,select_132/aten.select.int/Gather,Gather,unknown_f32,20,0.0,0.0,0.0,0.0
271,select_133/aten.select.int/Gather,Gather,unknown_f32,20,0.0,0.0,0.0,0.0
272,select_134/aten.select.int/Gather,Gather,unknown_f32,20,0.0,0.0,0.0,0.0
273,select_135/aten.select.int/Gather,Gather,unknown_f32,20,0.0,0.0,0.0,0.0
274,select_136/aten.select.int/Gather,Gather,unknown_f32,20,0.0,0.0,0.0,0.0
275,select_137/aten.select.int/Gather,Gather,unknown_f32,20,0.0,0.0,0.0,0.0
276,select_138/aten.select.int/Gather,Gather,unknown_f32,20,0.0,0.0,0.0,0.0
277,select_139/aten.select.int/Gather,Gather,unknown_f32,20,0.0,0.0,0.0,0.0
278,select_140/aten.select.int/Gather,Gather,unknown_f32,20,0.0,0.0,0.0,0.0
279,select_141/aten.select.int/Gather,Gather,unknown_f32,20,0.0,0.0,0.0,0.0
280,select_142/aten.select.int/Gather,Gather,unknown_f32,20,0.0,0.0,0.0,0.0
281,select_143/aten.select.int/Gather,Gather,unknown_f32,20,0.0,0.0,0.0,0.0
282,select_144/aten.select.int/Gather,Gather,unknown_f32,20,0.0,0.0,0.0,0.0
283,select_145/aten.select.int/Gather,Gather,unknown_f32,20,0.0,0.0,0.0,0.0
284,select_146/aten.select.int/Gather,Gather,unknown_f32,20,0.0,0.0,0.0,0.0
285,select_147/aten.select.int/Gather,Gather,unknown_f32,20,0.0,0.0,0.0,0.0
286,select_148/aten.select.int/Gather,Gather,unknown_f32,20,0.0,0.0,0.0,0.0
287,select_149/aten.select.int/Gather,Gather,unknown_f32,20,0.0,0.0,0.0,0.0
288,select_150/aten.select.int/Gather,Gather,unknown_f32,20,0.0,0.0,0.0,0.0
289,select_151/aten.select.int/Gather,Gather,unknown_f32,20,0.0,0.0,0.0,0.0
290,select_152/aten.select.int/Gather,Gather,unknown_f32,20,0.0,0.0,0.0,0.0
291,select_153/aten.select.int/Gather,Gather,unknown_f32,20,0.0,0.0,0.0,0.0
292,select_154/aten.select.int/Gather,Gather,unknown_f32,20,0.0,0.0,0.0,0.0
293,select_155/aten.select.int/Gather,Gather,unknown_f32,20,0.0,0.0,0.0,0.0
294,select_156/aten.select.int/Gather,Gather,unknown_f32,20,0.0,0.0,0.0,0.0
295,select_157/aten.select.int/Gather,Gather,unknown_f32,20,0.0,0.0,0.0,0.0
296,select_158/aten.select.int/Gather,Gather,unknown_f32,20,0.0,0.0,0.0,0.0
297,select_159/aten.select.int/Gather,Gather,unknown_f32,20,0.0,0.0,0.0,0.0
298,select_160/aten.select.int/Gather,Gather,unknown_f32,20,0.0,0.0,0.0,0.0
299,select_161/aten.select.int/Gather,Gather,unknown_f32,20,0.0,0.0,0.0,0.0
300,select_162/aten.select.int/Gather,Gather,unknown_f32,20,0.0,0.0,0.0,0.0
301,select_163/aten.select.int/Gather,Gather,unknown_f32,20,0.0,0.0,0.0,0.0
302,select_164/aten.select.int/Gather,Gather,unknown_f32,20,0.0,0.0,0.0,0.0
303,select_165/aten.select.int/Gather,Gather,unknown_f32,20,0.0,0.0,0.0,0.0
304,select_166/aten.select.int/Gather,Gather,unknown_f32,20,0.0,0.0,0.0,0.0
305,select_167/aten.select.int/Gather,Gather,unknown_f32,20,0.0,0.0,0.0,0.0
306,select_168/aten.select.int/Gather,Gather,unknown_f32,20,0.0,0.0,0.0,0.0
307,select_169/aten.select.int/Gather,Gather,unknown_f32,20,0.0,0.0,0.0,0.0
308,select_170/aten.select.int/Gather,Gather,unknown_f32,20,0.0,0.0,0.0,0.0
309,select_171/aten.select.int/Gather,Gather,unknown_f32,20,0.0,0.0,0.0,0.0
310,select_172/aten.select.int/Gather,Gather,unknown_f32,20,0.0,0.0,0.0,0.0
311,select_173/aten.select.int/Gather,Gather,unknown_f32,20,0.0,0.0,0.0,0.0
312,select_174/aten.select.int/Gather,Gather,unknown_f32,20,0.0,0.0,0.0,0.0
313,select_175/aten.select.int/Gather,Gather,unknown_f32,20,0.0,0.0,0.0,0.0
314,select_176/aten.select.int/Gather,Gather,unknown_f32,20,0.0,0.0,0.0,0.0
315,select_177/aten.select.int/Gather,Gather,unknown_f32,20,0.0,0.0,0.0,0.0
316,select_178/aten.select.int/Gather,Gather,unknown_f32,20,0.0,0.0,0.0,0.0
317,select_179/aten.select.int/Gather,Gather,unknown_f32,20,0.0,0.0,0.0,0.0
318,select_180/aten.select.int/Gather,Gather,unknown_f32,20,0.0,0.0,0.0,0.0
319,select_181/aten.select.int/Gather,Gather,unknown_f32,20,0.0,0.0,0.0,0.0
320,select_182/aten.select.int/Gather,Gather,unknown_f32,20,0.0,0.0,0.0,0.0
321,select_183/aten.select.int/Gather,Gather,unknown_f32,20,0.0,0.0,0.0,0.0
322,select_184/aten.select.int/Gather,Gather,unknown_f32,20,0.0,0.0,0.0,0.0
323,select_185/aten.select.int/Gather,Gather,unknown_f32,20,0.0,0.0,0.0,0.0
324,select_186/aten.select.int/Gather,Gather,unknown_f32,20,0.0,0.0,0.0,0.0
325,select_187/aten.select.int/Gather,Gather,unknown_f32,20,0.0,0.0,0.0,0.0
326,select_188/aten.select.int/Gather,Gather,unknown_f32,20,0.0,0.0,0.0,0.0
327,select_189/aten.select.int/Gather,Gather,unknown_f32,20,0.0,0.0,0.0,0.0
328,select_190/aten.select.int/Gather,Gather,unknown_f32,20,0.0,0.0,0.0,0.0
329,select_191/aten.select.int/Gather,Gather,unknown_f32,20,0.0,0.0,0.0,0.0
330,select_192/aten.select.int/Gather,Gather,unknown_f32,20,0.0,0.0,0.0,0.0
331,select_193/aten.select.int/Gather,Gather,unknown_f32,20,0.0,0.0,0.0,0.0
332,select_194/aten.select.int/Gather,Gather,unknown_f32,20,0.0,0.0,0.0,0.0
333,select_195/aten.select.int/Gather,Gather,unknown_f32,20,0.0,0.0,0.0,0.0
334,select_196/aten.select.int/Gather,Gather,unknown_f32,20,0.0,0.0,0.0,0.0
335,select_197/aten.select.int/Gather,Gather,unknown_f32,20,0.0,0.0,0.0,0.0
336,select_198/aten.select.int/Gather,Gather,unknown_f32,20,0.0,0.0,0.0,0.0
337,select_199/aten.select.int/Gather,Gather,unknown_f32,20,0.0,0.0,0.0,0.0
338,select_200/aten.select.int/Gather,Gather,unknown_f32,20,0.0,0.0,0.0,0.0
339,select_201/aten.select.int/Gather,Gather,unknown_f32,20,0.0,0.0,0.0,0.0
340,select_202/aten.select.int/Gather,Gather,unknown_f32,20,0.0,0.0,0.0,0.0
341,select_203/aten.select.int/Gather,Gather,unknown_f32,20,0.0,0.0,0.0,0.0
342,select_204/aten.select.int/Gather,Gather,unknown_f32,20,0.0,0.0,0.0,0.0
343,select_205/aten.select.int/Gather,Gather,unknown_f32,20,0.0,0.0,0.0,0.0
344,select_206/aten.select.int/Gather,Gather,unknown_f32,20,0.0,0.0,0.0,0.0
345,select_207/aten.select.int/Gather,Gather,unknown_f32,20,0.0,0.0,0.0,0.0
346,select_208/aten.select.int/Gather,Gather,unknown_f32,20,0.0,0.0,0.0,0.0
347,select_209/aten.select.int/Gather,Gather,unknown_f32,20,0.0,0.0,0.0,0.0
348,select_210/aten.select.int/Gather,Gather,unknown_f32,20,0.0,0.0,0.0,0.0
349,select_211/aten.select.int/Gather,Gather,unknown_f32,20,0.0,0.0,0.0,0.0
350,select_212/aten.select.int/Gather,Gather,unknown_f32,20,0.0,0.0,0.0,0.0
351,select_213/aten.select.int/Gather,Gather,unknown_f32,20,0.0,0.0,0.0,0.0
352,select_214/aten.select.int/Gather,Gather,unknown_f32,20,0.0,0.0,0.0,0.0
353,select_215/aten.select.int/Gather,Gather,unknown_f32,20,0.0,0.0,0.0,0.0
354,select_216/aten.select.int/Gather,Gather,unknown_f32,20,0.0,0.0,0.0,0.0
355,select_217/aten.select.int/Gather,Gather,unknown_f32,20,0.0,0.0,0.0,0.0
356,select_218/aten.select.int/Gather,Gather,unknown_f32,20,0.0,0.0,0.0,0.0
357,select_219/aten.select.int/Gather,Gather,unknown_f32,20,0.0,0.0,0.0,0.0
358,select_220/aten.select.int/Gather,Gather,unknown_f32,20,0.0,0.0,0.0,0.0
359,select_221/aten.select.int/Gather,Gather,unknown_f32,20,0.0,0.0,0.0,0.0
360,select_222/aten.select.int/Gather,Gather,unknown_f32,20,0.0,0.0,0.0,0.0
361,select_223/aten.select.int/Gather,Gather,unknown_f32,20,0.0,0.0,0.0,0.0
362,select_224/aten.select.int/Gather,Gather,unknown_f32,20,0.0,0.0,0.0,0.0
363,select_225/aten.select.int/Gather,Gather,unknown_f32,20,0.0,0.0,0.0,0.0
364,select_226/aten.select.int/Gather,Gather,unknown_f32,20,0.0,0.0,0.0,0.0
365,select_227/aten.select.int/Gather,Gather,unknown_f32,20,0.0,0.0,0.0,0.0
366,select_228/aten.select.int/Gather,Gather,unknown_f32,20,0.0,0.0,0.0,0.0
367,select_229/aten.select.int/Gather,Gather,unknown_f32,20,0.0,0.0,0.0,0.0
368,select_230/aten.select.int/Gather,Gather,unknown_f32,20,0.0,0.0,0.0,0.0
369,select_231/aten.select.int/Gather,Gather,unknown_f32,20,0.0,0.0,0.0,0.0
370,select_232/aten.select.int/Gather,Gather,unknown_f32,20,0.0,0.0,0.0,0.0
371,select_233/aten.select.int/Gather,Gather,unknown_f32,20,0.0,0.0,0.0,0.0
372,select_234/aten.select.int/Gather,Gather,unknown_f32,20,0.0,0.0,0.0,0.0
373,select_235/aten.select.int/Gather,Gather,unknown_f32,20,0.0,0.0,0.0,0.0
374,select_236/aten.select.int/Gather,Gather,unknown_f32,20,0.0,0.0,0.0,0.0
375,select_237/aten.select.int/Gather,Gather,unknown_f32,20,0.0,0.0,0.0,0.0
376,select_238/aten.select.int/Gather,Gather,unknown_f32,20,0.0,0.0,0.0,0.0
377,select_239/aten.select.int/Gather,Gather,unknown_f32,20,0.0,0.0,0.0,0.0
378,select_240/aten.select.int/Gather,Gather,unknown_f32,20,0.0,0.0,0.0,0.0
379,select_241/aten.select.int/Gather,Gather,unknown_f32,20,0.0,0.0,0.0,0.0
380,select_242/aten.select.int/Gather,Gather,unknown_f32,20,0.0,0.0,0.0,0.0
381,select_243/aten.select.int/Gather,Gather,unknown_f32,20,0.0,0.0,0.0,0.0
382,select_244/aten.select.int/Gather,Gather,unknown_f32,20,0.0,0.0,0.0,0.0
383,select_245/aten.select.int/Gather,Gather,unknown_f32,20,0.0,0.0,0.0,0.0
384,select_246/aten.select.int/Gather,Gather,unknown_f32,20,0.0,0.0,0.0,0.0
385,select_247/aten.select.int/Gather,Gather,unknown_f32,20,0.0,0.0,0.0,0.0
386,select_248/aten.select.int/Gather,Gather,unknown_f32,20,0.0,0.0,0.0,0.0
387,select_249/aten.select.int/Gather,Gather,unknown_f32,20,0.0,0.0,0.0,0.0
388,select_250/aten.select.int/Gather,Gather,unknown_f32,20,0.0,0.0,0.0,0.0
389,select_251/aten.select.int/Gather,Gather,unknown_f32,20,0.0,0.0,0.0,0.0
390,select_252/aten.select.int/Gather,Gather,unknown_f32,20,0.0,0.0,0.0,0.0
391,select_253/aten.select.int/Gather,Gather,unknown_f32,20,0.0,0.0,0.0,0.0
392,select_254/aten.select.int/Gather,Gather,unknown_f32,20,0.0,0.0,0.0,0.0
393,select_255/aten.select.int/Gather,Gather,unknown_f32,20,0.0,0.0,0.0,0.0
394,select_256/aten.select.int/Gather,Gather,unknown_f32,20,0.0,0.0,0.0,0.0
395,select_257/aten.select.int/Gather,Gather,unknown_f32,20,0.0,0.0,0.0,0.0
396,select_258/aten.select.int/Gather,Gather,unknown_f32,20,0.0,0.0,0.0,0.0
397,select_259/aten.select.int/Gather,Gather,unknown_f32,20,0.0,0.0,0.0,0.0
398,select_260/aten.select.int/Gather,Gather,unknown_f32,20,0.0,0.0,0.0,0.0
399,select_261/aten.select.int/Gather,Gather,unknown_f32,20,0.0,0.0,0.0,0.0
400,select_262/aten.select.int/Gather,Gather,unknown_f32,20,0.0,0.0,0.0,0.0
401,select_263/aten.select.int/Gather,Gather,unknown_f32,20,0.0,0.0,0.0,0.0
402,select_264/aten.select.int/Gather,Gather,unknown_f32,20,0.0,0.0,0.0,0.0
403,select_265/aten.select.int/Gather,Gather,unknown_f32,20,0.0,0.0,0.0,0.0
404,select_266/aten.select.int/Gather,Gather,unknown_f32,20,0.0,0.0,0.0,0.0
405,select_267/aten.select.int/Gather,Gather,unknown_f32,20,0.0,0.0,0.0,0.0
406,select_268/aten.select.int/Gather,Gather,unknown_f32,20,0.0,0.0,0.0,0.0
407,select_269/aten.select.int/Gather,Gather,unknown_f32,20,0.0,0.0,0.0,0.0
408,select_270/aten.select.int/Gather,Gather,unknown_f32,20,0.0,0.0,0.0,0.0
409,select_271/aten.select.int/Gather,Gather,unknown_f32,20,0.0,0.0,0.0,0.0
410,select_272/aten.select.int/Gather,Gather,unknown_f32,20,0.0,0.0,0.0,0.0
411,select_273/aten.select.int/Gather,Gather,unknown_f32,20,0.0,0.0,0.0,0.0
412,select_274/aten.select.int/Gather,Gather,unknown_f32,20,0.0,0.0,0.0,0.0
413,select_275/aten.select.int/Gather,Gather,unknown_f32,20,0.0,0.0,0.0,0.0
414,select_276/aten.select.int/Gather,Gather,unknown_f32,20,0.0,0.0,0.0,0.0
415,select_277/aten.select.int/Gather,Gather,unknown_f32,20,0.0,0.0,0.0,0.0
416,select_278/aten.select.int/Gather,Gather,unknown_f32,20,0.0,0.0,0.0,0.0
417,select_279/aten.select.int/Gather,Gather,unknown_f32,20,0.0,0.0,0.0,0.0
418,select_280/aten.select.int/Gather,Gather,unknown_f32,20,0.0,0.0,0.0,0.0
419,select_281/aten.select.int/Gather,Gather,unknown_f32,20,0.0,0.0,0.0,0.0
420,select_282/aten.select.int/Gather,Gather,unknown_f32,20,0.0,0.0,0.0,0.0
421,select_283/aten.select.int/Gather,Gather,unknown_f32,20,0.0,0.0,0.0,0.0
422,select_284/aten.select.int/Gather,Gather,unknown_f32,20,0.0,0.0,0.0,0.0
423,select_285/aten.select.int/Gather,Gather,unknown_f32,20,0.0,0.0,0.0,0.0
424,select_286/aten.select.int/Gather,Gather,unknown_f32,20,0.0,0.0,0.0,0.0
425,select_287/aten.select.int/Gather,Gather,unknown_f32,20,0.0,0.0,0.0,0.0
426,select_288/aten.select.int/Gather,Gather,unknown_f32,20,0.0,0.0,0.0,0.0
427,select_289/aten.select.int/Gather,Gather,unknown_f32,20,0.0,0.0,0.0,0.0
428,select_290/aten.select.int/Gather,Gather,unknown_f32,20,0.0,0.0,0.0,0.0
429,select_291/aten.select.int/Gather,Gather,unknown_f32,20,0.0,0.0,0.0,0.0
430,select_292/aten.select.int/Gather,Gather,unknown_f32,20,0.0,0.0,0.0,0.0
431,select_293/aten.select.int/Gather,Gather,unknown_f32,20,0.0,0.0,0.0,0.0
432,select_294/aten.select.int/Gather,Gather,unknown_f32,20,0.0,0.0,0.0,0.0
433,select_295/aten.select.int/Gather,Gather,unknown_f32,20,0.0,0.0,0.0,0.0
434,select_296/aten.select.int/Gather,Gather,unknown_f32,20,0.0,0.0,0.0,0.0
435,select_297/aten.select.int/Gather,Gather,unknown_f32,20,0.0,0.0,0.0,0.0
436,select_298/aten.select.int/Gather,Gather,unknown_f32,20,0.0,0.0,0.0,0.0
437,select_299/aten.select.int/Gather,Gather,unknown_f32,20,0.0,0.0,0.0,0.0
438,select_300/aten.select.int/Gather,Gather,unknown_f32,20,0.0,0.0,0.0,0.0
439,select_301/aten.select.int/Gather,Gather,unknown_f32,20,0.0,0.0,0.0,0.0
440,select_302/aten.select.int/Gather,Gather,unknown_f32,20,0.0,0.0,0.0,0.0
441,select_303/aten.select.int/Gather,Gather,unknown_f32,20,0.0,0.0,0.0,0.0
442,select_304/aten.select.int/Gather,Gather,unknown_f32,20,0.0,0.0,0.0,0.0
443,view_84/aten.view.default/Reshape,Reshape,unknown_f32,20,0.0,0.0,0.0,0.0
444,Multiply_13576,Multiply,undef,20,0.0,0.0,0.0,0.0
445,view_86/aten.view.default/Reshape,Reshape,unknown_f32,20,0.0,0.0,0.0,0.0
446,view_87/aten.view.default/Reshape,Reshape,unknown_f32,20,0.0,0.0,0.0,0.0
447,view_88/aten.view.default/Reshape,Reshape,unknown_f32,20,0.0,0.0,0.0,0.0
448,view_89/aten.view.default/Reshape,Reshape,unknown_f32,20,0.0,0.0,0.0,0.0
449,view_90/aten.view.default/Reshape,Reshape,unknown_f32,20,0.0,0.0,0.0,0.0
450,relu_17/aten.relu.default/Relu,Relu,undef,20,0.0,0.0,0.0,0.0
451,Multiply_13578,Multiply,undef,20,0.0,0.0,0.0,0.0
452,view_92/aten.view.default/Reshape,Reshape,unknown_f32,20,0.0,0.0,0.0,0.0
453,view_93/aten.view.default/Reshape,Reshape,unknown_f32,20,0.0,0.0,0.0,0.0
454,view_94/aten.view.default/Reshape,Reshape,unknown_f32,20,0.0,0.0,0.0,0.0
455,view_95/aten.view.default/Reshape,Reshape,unknown_f32,20,0.0,0.0,0.0,0.0
456,view_96/aten.view.default/Reshape,Reshape,unknown_f32,20,0.0,0.0,0.0,0.0
457,relu_18/aten.relu.default/Relu,Relu,undef,20,0.0,0.0,0.0,0.0
458,Multiply_13580,Multiply,undef,20,0.0,0.0,0.0,0.0
459,view_98/aten.view.default/Reshape,Reshape,unknown_f32,20,0.0,0.0,0.0,0.0
460,view_99/aten.view.default/Reshape,Reshape,unknown_f32,20,0.0,0.0,0.0,0.0
461,view_100/aten.view.default/Reshape,Reshape,unknown_f32,20,0.0,0.0,0.0,0.0
462,view_101/aten.view.default/Reshape,Reshape,unknown_f32,20,0.0,0.0,0.0,0.0
463,view_102/aten.view.default/Reshape,Reshape,unknown_f32,20,0.0,0.0,0.0,0.0
464,relu_19/aten.relu.default/Relu,Relu,undef,20,0.0,0.0,0.0,0.0
465,Multiply_13582,Multiply,undef,20,0.0,0.0,0.0,0.0
466,view_104/aten.view.default/Reshape,Reshape,unknown_f32,20,0.0,0.0,0.0,0.0
467,view_105/aten.view.default/Reshape,Reshape,unknown_f32,20,0.0,0.0,0.0,0.0
468,view_106/aten.view.default/Reshape,Reshape,unknown_f32,20,0.0,0.0,0.0,0.0
469,view_107/aten.view.default/Reshape,Reshape,unknown_f32,20,0.0,0.0,0.0,0.0
470,view_108/aten.view.default/Reshape,Reshape,unknown_f32,20,0.0,0.0,0.0,0.0
471,relu_20/aten.relu.default/Relu,Relu,undef,20,0.0,0.0,0.0,0.0
472,view_117/aten.view.default/Reshape,Reshape,unknown_f32,20,0.0,0.0,0.0,0.0
473,view_118/aten.view.default/Reshape,Reshape,unknown_f32,20,0.0,0.0,0.0,0.0
474,view_119/aten.view.default/Reshape,Reshape,unknown_f32,20,0.0,0.0,0.0,0.0
475,view_120/aten.view.default/Reshape,Reshape,unknown_f32,20,0.0,0.0,0.0,0.0
476,relu_21/aten.relu.default/Relu,Relu,undef,20,0.0,0.0,0.0,0.0
477,permute_33/aten.permute.default/Transpose,Reshape,unknown_f32,20,0.0,0.0,0.0,0.0
478,Result_6085,Result,unknown_f32,20,0.0,0.0,0.0,0.0
