phase,iteration,elapsed_s,latency_ms,preprocess_ms,inference_ms,postprocess_ms,total_ms,finite,correct,max_abs_error,postprocessed_correct,postprocessed_max_abs_error
correctness,0,0.0,95.139333,2.440566,95.139333,0.11201,97.701551,True,True,2.86102294921875e-06,True,0.0001373291015625
warmup,0,0.0,99.19307,2.333347,99.19307,0.119439,101.654534,True,True,2.86102294921875e-06,True,0.0001373291015625
warmup,1,0.0,104.698242,2.341354,104.698242,0.118198,107.166671,True,True,2.86102294921875e-06,True,0.0001373291015625
warmup,2,0.0,108.635826,2.34188,108.635826,0.123445,111.108396,True,True,2.86102294921875e-06,True,0.0001373291015625
warmup,3,0.0,109.148961,2.346495,109.148961,0.119704,111.62328,True,True,2.86102294921875e-06,True,0.0001373291015625
warmup,4,0.0,108.949802,2.34733,108.949802,0.122642,111.428203,True,True,2.86102294921875e-06,True,0.0001373291015625
warmup,5,0.0,108.452358,2.383767,108.452358,0.118481,110.963432,True,True,2.86102294921875e-06,True,0.0001373291015625
warmup,6,0.0,108.643263,2.343295,108.643263,0.10647,111.100961,True,True,2.86102294921875e-06,True,0.0001373291015625
warmup,7,0.0,109.501319,2.341052,109.501319,0.10793,111.958169,True,True,2.86102294921875e-06,True,0.0001373291015625
warmup,8,0.0,110.824755,2.355123,110.824755,0.117984,113.305461,True,True,2.86102294921875e-06,True,0.0001373291015625
warmup,9,0.0,111.959843,2.350984,111.959843,0.118841,114.437271,True,True,2.86102294921875e-06,True,0.0001373291015625
measurement,0,2.5190020096488297e-06,112.08233,2.328925,112.08233,0.114835,114.534125,True,True,2.86102294921875e-06,True,0.0001373291015625
measurement,1,0.11499747100606328,115.88017,2.366557,115.88017,0.121915,118.376874,True,True,2.86102294921875e-06,True,0.0001373291015625
measurement,2,0.2338108270050725,115.976935,2.334252,115.976935,0.117745,118.436542,True,True,2.86102294921875e-06,True,0.0001373291015625
measurement,3,0.35268221200385597,113.647663,2.337541,113.647663,0.11849,116.111324,True,True,2.86102294921875e-06,True,0.0001373291015625
measurement,4,0.4692311380058527,114.803142,2.324428,114.803142,0.113708,117.248586,True,True,2.86102294921875e-06,True,0.0001373291015625
measurement,5,0.5869413190011983,115.507329,2.337865,115.507329,0.118521,117.971306,True,True,2.86102294921875e-06,True,0.0001373291015625
measurement,6,0.7053486300064833,112.797922,2.338859,112.797922,0.6664,115.810632,True,True,2.86102294921875e-06,True,0.0001373291015625
measurement,7,0.8216156790003879,109.68332,4.712021,109.68332,0.12458,114.529546,True,True,2.86102294921875e-06,True,0.0001373291015625
measurement,8,0.9366091760020936,113.82981,2.350007,113.82981,0.118447,116.305762,True,True,2.86102294921875e-06,True,0.0001373291015625
measurement,9,1.053406912003993,109.901024,3.32736,109.901024,0.116954,113.352806,True,True,2.86102294921875e-06,True,0.0001373291015625
measurement,10,1.1671943600013037,110.802914,2.736838,110.802914,0.127145,113.675182,True,True,2.86102294921875e-06,True,0.0001373291015625
measurement,11,1.2812863860017387,112.103628,2.353574,112.103628,0.11848,114.583647,True,True,2.86102294921875e-06,True,0.0001373291015625
measurement,12,1.3963067479999154,113.127156,2.342091,113.127156,0.122894,115.600701,True,True,2.86102294921875e-06,True,0.0001373291015625
measurement,13,1.512338232001639,112.027012,2.353758,112.027012,0.118441,114.508626,True,True,2.86102294921875e-06,True,0.0001373291015625
measurement,14,1.627284601003339,111.774873,2.341174,111.774873,0.120201,114.244655,True,True,2.86102294921875e-06,True,0.0001373291015625
measurement,15,1.7419672200048808,112.318221,2.352162,112.318221,0.133326,114.814013,True,True,2.86102294921875e-06,True,0.0001373291015625
measurement,16,1.8573941700014984,114.145804,3.284294,114.145804,0.11814,117.55716,True,True,2.86102294921875e-06,True,0.0001373291015625
measurement,17,1.9754110790017876,114.973546,2.356712,114.973546,0.114724,117.452931,True,True,2.86102294921875e-06,True,0.0001373291015625
measurement,18,2.093311351003649,114.35388,2.349427,114.35388,0.117486,116.829896,True,True,2.86102294921875e-06,True,0.0001373291015625
measurement,19,2.210579634003807,111.18746,2.352872,111.18746,0.116205,113.663741,True,True,2.86102294921875e-06,True,0.0001373291015625
measurement,20,2.324628930000472,116.774848,2.331787,116.774848,0.113342,119.226796,True,True,2.86102294921875e-06,True,0.0001373291015625
measurement,21,2.4443149710059515,113.001597,2.359621,113.001597,0.121347,115.490751,True,True,2.86102294921875e-06,True,0.0001373291015625
measurement,22,2.5601895070067258,111.610963,3.640035,111.610963,0.114264,115.373324,True,True,2.86102294921875e-06,True,0.0001373291015625
measurement,23,2.675990608004213,114.778983,2.337048,114.778983,0.117267,117.242212,True,True,2.86102294921875e-06,True,0.0001373291015625
measurement,24,2.79367418000038,116.364774,2.336931,116.364774,0.118268,118.827286,True,True,2.86102294921875e-06,True,0.0001373291015625
measurement,25,2.91299202600203,111.821552,2.343453,111.821552,0.118489,114.291053,True,True,2.86102294921875e-06,True,0.0001373291015625
measurement,26,3.027760169003159,114.697362,3.391954,114.697362,0.119447,118.216782,True,True,2.86102294921875e-06,True,0.0001373291015625
measurement,27,3.146412299000076,115.505293,2.348855,115.505293,0.120839,117.983192,True,True,2.86102294921875e-06,True,0.0001373291015625
measurement,28,3.267753662003088,112.617922,2.336161,112.617922,0.123171,115.084864,True,True,2.86102294921875e-06,True,0.0001373291015625
measurement,29,3.3832890710036736,108.796437,2.375825,108.796437,0.111537,111.291083,True,True,2.86102294921875e-06,True,0.0001373291015625
measurement,30,3.495023150004272,107.832698,2.379305,107.832698,0.118147,110.338279,True,True,2.86102294921875e-06,True,0.0001373291015625
measurement,31,3.6058024740050314,107.590153,2.37073,107.590153,0.119217,110.088665,True,True,2.86102294921875e-06,True,0.0001373291015625
measurement,32,3.7163493480038596,110.10247,2.369743,110.10247,0.115012,112.595374,True,True,2.86102294921875e-06,True,0.0001373291015625
measurement,33,3.8293931990046985,109.873158,2.370815,109.873158,0.119858,112.371125,True,True,2.86102294921875e-06,True,0.0001373291015625
measurement,34,3.942242637000163,110.683703,2.366397,110.683703,0.123449,113.182529,True,True,2.86102294921875e-06,True,0.0001373291015625
measurement,35,4.0558910649997415,110.32607,2.369221,110.32607,0.117482,112.820479,True,True,2.86102294921875e-06,True,0.0001373291015625
measurement,36,4.169151329006127,108.00658,2.371233,108.00658,0.125122,110.510214,True,True,2.86102294921875e-06,True,0.0001373291015625
measurement,37,4.280140549002681,107.93677,2.36701,107.93677,0.119429,110.431322,True,True,2.86102294921875e-06,True,0.0001373291015625
measurement,38,4.391014381006244,106.223349,2.386616,106.223349,0.115188,108.733344,True,True,2.86102294921875e-06,True,0.0001373291015625
measurement,39,4.500223643000936,108.64128,2.356543,108.64128,0.114342,111.120131,True,True,2.86102294921875e-06,True,0.0001373291015625
measurement,40,4.611801791004837,108.706207,2.371333,108.706207,0.119469,111.203253,True,True,2.86102294921875e-06,True,0.0001373291015625
measurement,41,4.723479334003059,110.52184,2.383325,110.52184,0.121261,113.033541,True,True,2.86102294921875e-06,True,0.0001373291015625
measurement,42,4.836973461002344,107.786177,2.389079,107.786177,0.114395,110.298456,True,True,2.86102294921875e-06,True,0.0001373291015625
measurement,43,4.94774405300268,106.182637,2.386505,106.182637,0.119329,108.696967,True,True,2.86102294921875e-06,True,0.0001373291015625
measurement,44,5.056900584000687,105.509413,2.382289,105.509413,0.117223,108.017264,True,True,2.86102294921875e-06,True,0.0001373291015625
measurement,45,5.165385543004959,105.644562,2.402219,105.644562,0.118862,108.172969,True,True,2.86102294921875e-06,True,0.0001373291015625
measurement,46,5.27404461500555,107.353093,2.383472,107.353093,0.117809,109.862949,True,True,2.86102294921875e-06,True,0.0001373291015625
measurement,47,5.38436173700029,108.244304,2.400374,108.244304,0.115065,110.767997,True,True,2.86102294921875e-06,True,0.0001373291015625
measurement,48,5.495525162004924,102.909687,2.394382,102.909687,0.116541,105.428829,True,True,2.86102294921875e-06,True,0.0001373291015625
measurement,49,5.601404973000172,106.899216,2.396966,106.899216,0.121194,109.424492,True,True,2.86102294921875e-06,True,0.0001373291015625
measurement,50,5.711298400005035,105.688195,2.385623,105.688195,0.108847,108.190423,True,True,2.86102294921875e-06,True,0.0001373291015625
measurement,51,5.81998838599975,105.016876,2.396942,105.016876,0.116865,107.539265,True,True,2.86102294921875e-06,True,0.0001373291015625
measurement,52,5.927983449000749,106.09192,2.400983,106.09192,0.126444,108.627022,True,True,2.86102294921875e-06,True,0.0001373291015625
measurement,53,6.037102189002326,106.637503,2.385982,106.637503,0.122693,109.154435,True,True,2.86102294921875e-06,True,0.0001373291015625
measurement,54,6.1467265490064165,106.018541,2.388357,106.018541,0.117677,108.532466,True,True,2.86102294921875e-06,True,0.0001373291015625
measurement,55,6.2556730340002105,108.589815,2.40275,108.589815,0.114173,111.114829,True,True,2.86102294921875e-06,True,0.0001373291015625
measurement,56,6.3672764290022315,107.813358,2.411694,107.813358,0.120685,110.351774,True,True,2.86102294921875e-06,True,0.0001373291015625
measurement,57,6.478086929004348,107.753185,2.405411,107.753185,0.118266,110.28416,True,True,2.86102294921875e-06,True,0.0001373291015625
measurement,58,6.588878246002423,108.356204,2.425537,108.356204,0.118206,110.906647,True,True,2.86102294921875e-06,True,0.0001373291015625
measurement,59,6.700265653002134,105.90745,2.415656,105.90745,0.12629,108.457836,True,True,2.86102294921875e-06,True,0.0001373291015625
measurement,60,6.809302472000127,104.531817,3.397304,104.531817,0.125462,108.065671,True,True,2.86102294921875e-06,True,0.0001373291015625
measurement,61,6.9179788940018625,108.710021,2.484039,108.710021,0.118353,111.318918,True,True,2.86102294921875e-06,True,0.0001373291015625
measurement,62,7.029777065006783,104.756059,2.444818,104.756059,0.119652,107.327701,True,True,2.86102294921875e-06,True,0.0001373291015625
measurement,63,7.137588569006766,103.104291,2.418969,103.104291,0.111365,105.642533,True,True,2.86102294921875e-06,True,0.0001373291015625
measurement,64,7.243662052002037,102.259258,2.450764,102.259258,0.115442,104.832524,True,True,2.86102294921875e-06,True,0.0001373291015625
measurement,65,7.348965956000029,103.346303,2.442502,103.346303,0.117728,105.915127,True,True,2.86102294921875e-06,True,0.0001373291015625
measurement,66,7.455343418005214,103.368659,2.437503,103.368659,0.118154,105.933065,True,True,2.86102294921875e-06,True,0.0001373291015625
measurement,67,7.56175658400025,104.090334,2.432009,104.090334,0.109769,106.639893,True,True,2.86102294921875e-06,True,0.0001373291015625
measurement,68,7.668808847003675,107.488792,2.482666,107.488792,0.110546,110.088243,True,True,2.86102294921875e-06,True,0.0001373291015625
measurement,69,7.779352812001889,104.709869,2.430386,104.709869,0.123417,107.271839,True,True,2.86102294921875e-06,True,0.0001373291015625
measurement,70,7.887144805004937,103.299639,2.459138,103.299639,0.118212,105.884869,True,True,2.86102294921875e-06,True,0.0001373291015625
measurement,71,7.993508725005086,103.431248,2.430581,103.431248,0.11439,105.984171,True,True,2.86102294921875e-06,True,0.0001373291015625
measurement,72,8.09995982300461,104.133965,2.448407,104.133965,0.115388,106.70547,True,True,2.86102294921875e-06,True,0.0001373291015625
measurement,73,8.207149683999887,102.317128,2.443192,102.317128,0.115305,104.884743,True,True,2.86102294921875e-06,True,0.0001373291015625
measurement,74,8.31245327200304,101.866182,2.45662,101.866182,0.117717,104.447626,True,True,2.86102294921875e-06,True,0.0001373291015625
measurement,75,8.417376625002362,102.958355,2.440388,102.958355,0.117652,105.522733,True,True,2.86102294921875e-06,True,0.0001373291015625
measurement,76,8.523370227005216,102.512916,2.484379,102.512916,0.122843,105.129539,True,True,2.86102294921875e-06,True,0.0001373291015625
measurement,77,8.62898992600094,100.818375,2.456171,100.818375,0.118144,103.401183,True,True,2.86102294921875e-06,True,0.0001373291015625
measurement,78,8.732889252001769,101.292184,2.477952,101.292184,0.118454,103.89648,True,True,2.86102294921875e-06,True,0.0001373291015625
measurement,79,8.837271100004727,101.727189,2.47899,101.727189,0.126479,104.341531,True,True,2.86102294921875e-06,True,0.0001373291015625
measurement,80,8.942109413001162,102.054531,2.465955,102.054531,0.122849,104.650882,True,True,2.86102294921875e-06,True,0.0001373291015625
measurement,81,9.047260064005968,100.753739,3.627716,100.753739,0.124403,104.513963,True,True,2.86102294921875e-06,True,0.0001373291015625
measurement,82,9.152285028001643,101.82499,2.45268,101.82499,0.126778,104.41185,True,True,2.86102294921875e-06,True,0.0001373291015625
measurement,83,9.257159517001128,101.550166,2.46014,101.550166,0.110716,104.128521,True,True,2.86102294921875e-06,True,0.0001373291015625
measurement,84,9.361769496004854,100.278841,2.454768,100.278841,0.12417,102.865459,True,True,2.86102294921875e-06,True,0.0001373291015625
measurement,85,9.4651343680016,102.502712,2.46332,102.502712,0.120367,105.094366,True,True,2.86102294921875e-06,True,0.0001373291015625
measurement,86,9.570693920002668,102.978839,2.448385,102.978839,0.140447,105.57677,True,True,2.86102294921875e-06,True,0.0001373291015625
measurement,87,9.677055409003515,100.879478,3.465747,100.879478,0.12508,104.479618,True,True,2.86102294921875e-06,True,0.0001373291015625
measurement,88,9.782062851001683,105.170056,2.467806,105.170056,0.121789,107.767134,True,True,2.86102294921875e-06,True,0.0001373291015625
measurement,89,9.890346013002272,104.367567,2.494251,104.367567,0.121334,106.990532,True,True,2.86102294921875e-06,True,0.0001373291015625
measurement,90,9.998030476002896,103.560038,2.683865,103.560038,0.116577,106.36857,True,True,2.86102294921875e-06,True,0.0001373291015625
measurement,91,10.104942634003237,104.712367,2.455362,104.712367,0.117219,107.292716,True,True,2.86102294921875e-06,True,0.0001373291015625
measurement,92,10.212701661002939,105.321371,2.472364,105.321371,0.118455,107.920256,True,True,2.86102294921875e-06,True,0.0001373291015625
measurement,93,10.321159540006192,101.709459,2.498169,101.709459,0.120756,104.336653,True,True,2.86102294921875e-06,True,0.0001373291015625
measurement,94,10.425979343002837,101.069263,2.499703,101.069263,0.112445,103.688894,True,True,2.86102294921875e-06,True,0.0001373291015625
measurement,95,10.530143339005008,100.614814,2.49012,100.614814,0.110393,103.223241,True,True,2.86102294921875e-06,True,0.0001373291015625
measurement,96,10.633886396004527,100.156993,2.49994,100.156993,0.127164,102.791068,True,True,2.86102294921875e-06,True,0.0001373291015625
measurement,97,10.737196727000992,103.407811,2.46873,103.407811,0.124481,106.008908,True,True,2.86102294921875e-06,True,0.0001373291015625
measurement,98,10.843700403005641,102.771825,2.468075,102.771825,0.12334,105.371304,True,True,2.86102294921875e-06,True,0.0001373291015625
measurement,99,10.949592176002625,103.084029,2.443963,103.084029,0.117666,105.654215,True,True,2.86102294921875e-06,True,0.0001373291015625
