elapsed_s,iteration,process_rss_bytes,system_available_memory_bytes,package_temperature_c,max_sensor_temperature_c
0.051255153986858204,1,744062976,12155191296,64.0,64.0
5.046702852996532,94,744112128,12044644352,66.0,66.0
10.004979485995136,188,744140800,12210868224,70.0,70.0
15.044593380996957,280,744173568,11985072128,86.0,86.0
20.04315279900038,373,744210432,12180672512,91.0,91.0
25.007399020993034,466,744255488,12080021504,91.0,91.0
30.052420581996557,561,744288256,12157997056,74.0,74.0
35.04486379399896,654,744321024,12252229632,76.0,76.0
40.02901214399026,748,744353792,12292579328,75.0,75.0
45.020483560991124,843,744394752,12258893824,77.0,77.0
50.032855074998224,938,744431616,12298387456,74.0,74.0
55.01742783498776,1033,744468480,12276715520,76.0,76.0
60.0270682709961,1128,744509440,12309696512,75.0,75.0
65.00888880300045,1218,744566784,12091154432,76.0,76.0
70.02798474699375,1314,744615936,12194816000,87.0,87.0
75.0265732199914,1409,744660992,12244783104,71.0,71.0
80.01209443199332,1503,744697856,12249640960,70.0,70.0
85.00335419998737,1597,744738816,12277956608,77.0,77.0
90.01961990899872,1693,744775680,12285972480,75.0,75.0
95.00737825999386,1788,744816640,12307918848,70.0,70.0
100.03637603198877,1883,744849408,12302618624,76.0,76.0
105.0261887779925,1979,744894464,12303900672,76.0,76.0
110.02359334100038,2073,744935424,12296790016,90.0,90.0
115.02706417599984,2168,744972288,12292763648,76.0,76.0
120.01171647499723,2262,745013248,12310548480,76.0,76.0
125.04517684399616,2357,745050112,12304277504,76.0,76.0
130.04674385699036,2452,745091072,12304269312,89.0,89.0
135.01631551499304,2547,745127936,12274171904,76.0,76.0
140.00218993298768,2642,745172992,12281507840,76.0,76.0
145.04579410799488,2738,745213952,12273532928,76.0,76.0
150.0290326999966,2833,745250816,12275146752,74.0,74.0
155.03793341499113,2929,745291776,12305297408,75.0,75.0
160.00499892799417,3022,745324544,12117073920,76.0,76.0
165.03856849799922,3117,745365504,12173348864,71.0,71.0
170.01452886799234,3211,745406464,12247711744,77.0,77.0
175.02434256099514,3306,745447424,12283641856,77.0,77.0
180.019137847994,3401,745488384,12282470400,77.0,77.0
185.03398232799373,3496,745525248,12297297920,79.0,79.0
190.05297487200005,3592,745566208,12306685952,75.0,75.0
195.0056718929991,3686,745603072,12255186944,90.0,90.0
200.00119169898971,3781,745644032,12266074112,76.0,76.0
205.03864849198726,3874,745680896,12246339584,69.0,70.0
210.0460464249918,3967,745713664,12218482688,77.0,77.0
215.00847874699684,4060,745754624,12262395904,77.0,77.0
220.00604071498674,4155,745795584,12267425792,70.0,70.0
225.04728120900108,4250,745832448,12272205824,76.0,76.0
230.01206258599996,4344,745873408,12266160128,70.0,70.0
235.0256319809996,4439,745910272,12267884544,76.0,76.0
240.03286297699378,4531,745951232,12284907520,76.0,76.0
245.02943414798938,4625,745984000,12277948416,77.0,77.0
250.02652705799846,4720,746020864,12268019712,76.0,76.0
255.02623405698978,4815,746057728,12228530176,77.0,77.0
260.0260476479889,4909,746098688,12242677760,75.0,75.0
265.0187564809894,5003,746135552,12245377024,70.0,70.0
270.01054245998967,5097,746176512,12248633344,76.0,76.0
275.0482605659927,5192,746213376,12281765888,75.0,75.0
280.0308158439875,5286,746254336,12285321216,81.0,81.0
285.0108497899928,5380,746291200,12272418816,69.0,69.0
290.01806312799454,5474,746332160,12302618624,76.0,76.0
295.0213342819916,5569,746364928,12301373440,78.0,78.0
300.0043869719957,5664,746405888,12251418624,78.0,78.0
305.03254966199165,5759,746446848,12292018176,75.0,75.0
310.0415876509942,5854,746483712,12304531456,76.0,76.0
315.0070144189958,5944,746524672,11951120384,75.0,75.0
320.0452687609941,6034,746561536,11871895552,76.0,76.0
325.0483412499889,6129,746602496,12103012352,75.0,75.0
330.02050457400037,6222,746635264,12183957504,70.0,70.0
335.0456044119928,6317,746676224,12219293696,76.0,76.0
340.01036433198897,6411,746713088,12228661248,75.0,75.0
345.00593425099214,6504,746754048,12236656640,76.0,76.0
350.02909931499744,6599,746790912,12251774976,75.0,75.0
355.0347364689951,6694,746831872,12268138496,75.0,75.0
360.01337342699117,6789,746868736,12279099392,76.0,76.0
365.02406796399737,6884,746909696,12278829056,77.0,77.0
370.03644242898736,6979,746946560,12290068480,91.0,91.0
375.04125938499055,7074,746983424,12218875904,89.0,89.0
380.0143314119923,7168,747020288,12252200960,73.0,73.0
385.0517667069944,7264,747061248,12250755072,76.0,76.0
390.04440237199015,7358,747098112,12246552576,70.0,70.0
395.0076785659912,7452,747139072,12261322752,76.0,76.0
400.04237321698747,7545,747175936,12238233600,74.0,74.0
405.04945867198694,7638,747216896,12253196288,76.0,76.0
410.02092995699786,7732,747253760,12261572608,70.0,70.0
415.00581306598906,7827,747294720,12258963456,76.0,76.0
420.0042431239999,7922,747327488,12284579840,77.0,77.0
425.00131312099984,8016,747368448,12293758976,70.0,70.0
430.007299031,8109,747405312,12282064896,77.0,77.0
435.03046650798933,8204,747446272,12217929728,70.0,70.0
440.0505838999961,8298,747483136,12252856320,75.0,75.0
445.04638778399385,8392,747520000,12247126016,70.0,72.0
450.04270960799477,8486,747560960,12246839296,80.0,80.0
455.02475257399783,8581,747601920,12273840128,70.0,72.0
460.0524312369962,8675,747634688,12281729024,76.0,76.0
465.0485274439998,8769,747675648,12304277504,75.0,75.0
470.0366364559886,8863,747712512,12324380672,77.0,77.0
475.0152488929889,8957,747749376,12316274688,79.0,79.0
480.01111865499115,9051,747786240,12312207360,70.0,70.0
485.00318468098703,9145,747827200,12291321856,70.0,70.0
490.00251208999543,9239,747864064,12290269184,75.0,75.0
495.0430879679916,9334,747905024,12254830592,87.0,87.0
500.03183623199584,9428,747937792,12268453888,76.0,76.0
505.0338653020008,9522,747978752,12239835136,76.0,76.0
510.03343720499834,9613,748015616,12253941760,86.0,86.0
515.042014074992,9707,748056576,12290134016,75.0,75.0
520.0507476589992,9802,748093440,12281364480,86.0,86.0
525.0023869839933,9895,748134400,12291170304,77.0,77.0
530.0185457289917,9989,748171264,12294807552,76.0,76.0
535.0132731509948,10083,748208128,12304027648,70.0,70.0
540.037312919987,10176,748244992,12299726848,76.0,76.0
545.0472374969977,10270,748285952,12298203136,75.0,75.0
550.0031878159934,10363,748322816,12300214272,76.0,76.0
555.0389833480003,10457,748363776,12238942208,74.0,74.0
560.0423102329951,10550,748400640,12258521088,91.0,91.0
565.0490091599931,10644,748441600,12225146880,69.0,70.0
570.0220636489976,10738,748474368,12238102528,76.0,76.0
575.0374352449871,10832,748515328,12286214144,70.0,70.0
580.0054389839934,10925,748552192,12288626688,76.0,76.0
585.0325947399979,11019,748593152,12263731200,76.0,76.0
590.026000369995,11111,748630016,12259098624,75.0,75.0
595.0273722719867,11205,748670976,12294832128,76.0,76.0
600.0293712949933,11300,748707840,12301332480,76.0,76.0
605.0135230869928,11394,748744704,12302594048,75.0,75.0
610.0421345679933,11488,748781568,12299657216,75.0,75.0
615.0363910219894,11581,748818432,12251209728,76.0,76.0
620.0445492049912,11674,748855296,12269690880,75.0,75.0
625.033942737995,11767,748896256,12261675008,76.0,76.0
630.0416690729908,11861,748933120,12227944448,74.0,74.0
635.0039809899899,11951,748969984,12255793152,75.0,75.0
640.0353655559884,12045,749006848,12232265728,76.0,76.0
645.0274043919926,12138,749043712,12277764096,69.0,69.0
650.0449373609881,12231,749084672,12286562304,69.0,70.0
655.0215220769896,12325,749121536,12307709952,77.0,77.0
660.0064575180004,12419,749162496,12304322560,70.0,70.0
665.0094974059903,12513,749195264,12302962688,75.0,75.0
670.0374075619911,12607,749236224,12302839808,76.0,76.0
675.0008685859939,12700,749273088,12226969600,74.0,74.0
680.0068225689902,12794,749314048,12268625920,70.0,70.0
685.0241042499983,12888,749350912,12258959360,81.0,81.0
690.0162678369961,12982,749391872,12260229120,69.0,70.0
695.0003359699913,13075,749428736,12292481024,75.0,75.0
700.0195082789869,13169,749465600,12304515072,69.0,72.0
705.0413110039954,13262,749502464,12290400256,74.0,74.0
710.0463890940009,13356,749543424,12283809792,76.0,76.0
715.0142136759969,13449,749576192,12267044864,74.0,74.0
720.034808078999,13543,749621248,12296953856,75.0,75.0
725.0176885119872,13635,749654016,12302880768,69.0,70.0
730.0322893389966,13729,749690880,12293337088,76.0,76.0
735.0406852229935,13823,749727744,12239982592,76.0,76.0
740.0474787279963,13917,749768704,12240113664,69.0,69.0
745.0045999039867,14010,749805568,12245184512,76.0,76.0
750.0273114390002,14104,749846528,12218556416,70.0,70.0
755.0302186339977,14197,749883392,12284256256,69.0,69.0
760.0119157959998,14290,749920256,12280950784,76.0,76.0
765.0199394909869,14383,749957120,12275625984,75.0,75.0
770.0428372210008,14477,749998080,12278157312,75.0,75.0
775.0497388899967,14571,750034944,12252471296,70.0,72.0
780.0450806939916,14664,750075904,12262195200,75.0,75.0
785.0344117589993,14757,750112768,12244754432,75.0,75.0
790.0079160899913,14850,750153728,12282220544,75.0,75.0
795.0295003069914,14944,750186496,12233195520,76.0,76.0
800.0003210689902,15037,750227456,12238098432,69.0,70.0
805.0238249899994,15131,750264320,12241108992,74.0,74.0
810.0097904959985,15223,750301184,12254461952,69.0,70.0
815.0342885930004,15316,750342144,12240990208,69.0,70.0
820.0149344359961,15409,750374912,12268441600,70.0,70.0
825.0262242259923,15503,750415872,12269785088,76.0,76.0
830.0527077000006,15597,750452736,12281872384,75.0,75.0
835.0286206479941,15690,750489600,12281786368,75.0,75.0
840.012036849992,15784,750526464,12298817536,74.0,74.0
845.0034128919942,15877,750567424,12293533696,76.0,76.0
850.0170434969914,15971,750604288,12295495680,76.0,76.0
855.048870173996,16065,750641152,12244664320,79.0,79.0
860.0166805709887,16158,750678016,12251299840,75.0,75.0
865.0244735979941,16251,750718976,12214136832,76.0,76.0
870.006128959998,16343,750755840,12256964608,75.0,75.0
875.0533287869912,16438,750796800,12248293376,76.0,76.0
880.0122713059973,16530,750833664,12245254144,76.0,76.0
885.0493103499903,16624,750870528,12281106432,70.0,70.0
890.0245018279966,16717,750907392,12279914496,75.0,75.0
895.031774070987,16811,750948352,12253184000,76.0,76.0
900.0329694309912,16903,750985216,12253306880,76.0,76.0
905.010288133999,16996,751026176,12282052608,75.0,75.0
910.003308542,17089,751063040,12286341120,76.0,76.0
915.016511719994,17181,751099904,11988811776,76.0,76.0
920.03272228899,17272,751136768,11919908864,76.0,76.0
925.0030520629953,17365,751173632,12027768832,76.0,76.0
930.0044438259938,17459,751210496,12097781760,70.0,70.0
935.0422695869929,17553,751251456,12150312960,75.0,75.0
940.0009298759978,17645,751284224,12157865984,76.0,76.0
945.0292902039946,17738,751321088,12198125568,90.0,90.0
950.034086462998,17832,751362048,12199899136,74.0,74.0
955.0028047289961,17925,751398912,12202192896,87.0,87.0
960.0465854489885,18019,751439872,12184592384,69.0,70.0
965.042006838994,18112,751476736,12186324992,76.0,76.0
970.0279737709934,18206,751513600,12197171200,76.0,76.0
975.0395021449949,18299,751742976,12166537216,89.0,89.0
980.0552581279917,18394,751800320,12163923968,74.0,74.0
985.0270696559892,18486,751837184,12170694656,90.0,90.0
990.014909243997,18581,751878144,12212994048,76.0,76.0
995.0109571069916,18674,751919104,12249890816,69.0,72.0
1000.0245375609957,18767,751968256,12243599360,69.0,69.0
1005.0070843209978,18861,752001024,12245094400,75.0,75.0
1010.0118426229892,18954,752041984,12238520320,76.0,76.0
1015.0100410629966,19047,752078848,12238737408,70.0,70.0
1020.038808983998,19141,752119808,12239147008,76.0,76.0
1025.0003132449929,19234,752156672,12275105792,75.0,75.0
1030.0349471049994,19328,752197632,12246065152,75.0,75.0
1035.003699953988,19421,752226304,12212961280,76.0,76.0
1040.0142272419907,19516,752267264,12201603072,77.0,77.0
1045.025380548992,19610,752304128,12207087616,76.0,76.0
1050.0367467670003,19704,752345088,12197945344,75.0,75.0
1055.0547594620002,19795,752381952,12223721472,73.0,73.0
1060.042760160999,19887,752422912,12191096832,75.0,75.0
1065.0376710089913,19979,752455680,12209553408,75.0,75.0
1070.0163132649905,20072,752496640,12234829824,91.0,91.0
1075.0463491729897,20166,752533504,12244217856,69.0,69.0
1080.0053612929914,20258,752574464,12220911616,69.0,70.0
1085.0465983039903,20351,752615424,12218150912,75.0,75.0
1090.0200773260003,20444,752648192,12235067392,74.0,74.0
1095.009121723997,20537,752689152,12166811648,74.0,74.0
1100.0085251169949,20630,752726016,12183404544,76.0,76.0
1105.030298133992,20723,752766976,12199038976,69.0,70.0
1110.031000514995,20816,752803840,12192092160,69.0,69.0
1115.0528971819876,20909,752844800,12222566400,75.0,75.0
1120.0055494869885,21001,752873472,12220542976,70.0,70.0
1125.0046943539928,21094,752914432,12228071424,69.0,69.0
1130.0294282789982,21187,752951296,12223430656,69.0,69.0
1135.0430809399986,21279,752992256,12220112896,76.0,76.0
1140.0323716409912,21372,753029120,12216000512,70.0,70.0
1145.0109895539936,21463,753065984,12225417216,74.0,74.0
1150.0153677999915,21556,753102848,12200824832,75.0,75.0
1155.000728056999,21648,753143808,12211515392,75.0,75.0
1160.0072036639904,21740,753180672,12165550080,69.0,69.0
1165.0144464999903,21832,753213440,12204670976,75.0,75.0
1170.0196535309951,21924,753254400,12162809856,74.0,74.0
1175.0423957999883,22018,753291264,12212649984,70.0,70.0
1180.0356547239935,22110,753332224,12219854848,75.0,75.0
1185.008734624993,22202,753364992,12234616832,69.0,69.0
1190.0153109649982,22295,753405952,12236935168,69.0,69.0
1195.0409424579993,22388,753438720,12236849152,75.0,75.0
1200.0354888969887,22481,753479680,12235112448,75.0,75.0
1205.0389779019897,22574,753516544,12227866624,74.0,74.0
1210.056528287998,22667,753557504,12224638976,75.0,75.0
1215.040197711991,22760,753594368,12184109056,74.0,74.0
1220.0087630969938,22852,753631232,12218646528,76.0,76.0
1225.004740334989,22943,753668096,12215324672,75.0,75.0
1230.0111624769925,23036,753709056,12220755968,75.0,75.0
1235.0090621029958,23128,753745920,12207427584,74.0,74.0
1240.0095352019998,23220,753778688,12177100800,74.0,74.0
1245.0127459049982,23313,753819648,12216737792,75.0,75.0
1250.0479327889916,23405,753856512,12201607168,76.0,76.0
1255.0041891539877,23497,753893376,12229234688,75.0,75.0
1260.0292494379974,23590,753930240,12245000192,69.0,70.0
1265.0451327799965,23683,753967104,12223102976,74.0,74.0
1270.0305038569932,23776,754003968,12214947840,75.0,75.0
1275.0463925879885,23869,754044928,12183629824,76.0,76.0
1280.0164492179902,23961,754081792,12181917696,70.0,70.0
1285.0112253069965,24053,754118656,12190171136,70.0,70.0
1290.0059047649993,24145,754155520,12188303360,69.0,69.0
1295.033355544001,24238,754196480,12224094208,76.0,76.0
1300.0464144959988,24329,754233344,12213149696,75.0,75.0
1305.0097003939882,24421,754274304,12228259840,69.0,70.0
1310.0145525409898,24514,754307072,12219269120,75.0,75.0
1315.0289238499972,24607,754348032,12227330048,75.0,75.0
1320.0150310419995,24699,754380800,12206587904,70.0,70.0
1325.0229557959974,24790,754417664,12211675136,75.0,75.0
1330.0315367389994,24883,754458624,12230508544,76.0,76.0
1335.0278525959875,24976,754491392,12163842048,76.0,76.0
1340.0020719460008,25068,754532352,12193628160,75.0,75.0
1345.0474651409895,25162,754569216,12194123776,75.0,75.0
1350.0023723709892,25254,754610176,12185444352,75.0,75.0
1355.0027449399931,25347,754647040,12201177088,69.0,72.0
1360.0200718499982,25439,754683904,12216844288,72.0,72.0
1365.047575931996,25533,754720768,12209651712,75.0,75.0
1370.0414498229948,25626,754761728,12216197120,80.0,80.0
1375.0324324849935,25719,754798592,12187897856,70.0,70.0
1380.055402286991,25811,754839552,12217208832,72.0,74.0
1385.0121132739878,25903,754872320,12187426816,76.0,76.0
1390.0010886029922,25997,754913280,12181331968,76.0,76.0
1395.0057766929967,26090,754946048,12188794880,75.0,75.0
1400.024297800992,26183,754987008,12203839488,69.0,70.0
1405.0358240549976,26275,755023872,12174110720,75.0,75.0
1410.0414251789916,26368,755060736,12169228288,77.0,77.0
1415.050012142994,26460,755097600,12235567104,70.0,72.0
1420.0027799489908,26552,755134464,12263555072,69.0,69.0
1425.0336770709982,26645,755175424,12241149952,76.0,76.0
1430.0092969049874,26737,755212288,12243152896,76.0,76.0
1435.026517595994,26831,755249152,12247232512,75.0,75.0
1440.0453833169886,26925,755286016,12254130176,76.0,76.0
1445.0458594289958,27018,755326976,12250308608,75.0,75.0
1450.0062720689893,27109,755363840,12262154240,76.0,76.0
1455.0317355559964,27202,755404800,12202631168,90.0,90.0
1460.0367070919892,27295,755441664,12199432192,69.0,70.0
1465.0056002539932,27387,755478528,12208889856,75.0,75.0
1470.0209904109943,27480,755511296,12218355712,75.0,75.0
1475.0252683459985,27573,755552256,12238213120,75.0,75.0
1480.0256746379891,27666,755589120,12239757312,69.0,70.0
1485.0048866519937,27758,755630080,12223971328,69.0,70.0
1490.0315298529895,27851,755654656,12254355456,70.0,70.0
1495.007138705987,27943,755679232,12261830656,76.0,76.0
1500.0221682039992,28036,755712000,12257292288,75.0,75.0
1505.030524418995,28129,755744768,12229201920,74.0,74.0
1510.0475709029997,28222,755773440,12256600064,75.0,75.0
1515.001432443998,28313,755806208,12006719488,87.0,87.0
1520.0460896409932,28404,755843072,11937193984,77.0,77.0
1525.0241061169945,28497,755875840,12045021184,69.0,70.0
1530.0022317239927,28588,755904512,12178763776,72.0,72.0
1535.0531233709917,28681,755941376,12227129344,74.0,74.0
1540.025680820996,28773,755978240,12220637184,69.0,69.0
1545.0452204159956,28866,756019200,12256923648,74.0,74.0
1550.0018610159896,28958,756056064,12259815424,77.0,77.0
1555.0298694419907,29052,756092928,12279193600,70.0,70.0
1560.0211654710001,29144,756129792,12242075648,74.0,74.0
1565.0417948799877,29237,756170752,12282347520,76.0,76.0
1570.0068823229958,29329,756207616,12248432640,75.0,75.0
1575.0473411629937,29422,756244480,12225822720,75.0,75.0
1580.0278813559999,29514,756281344,12236390400,75.0,75.0
1585.0170514909987,29606,756318208,12239753216,69.0,70.0
1590.0236870249937,29700,756359168,12262645760,70.0,70.0
1595.0353767829947,29792,756396032,12274241536,74.0,74.0
1600.007483090987,29883,756428800,12282949632,75.0,75.0
1605.0481169709965,29977,756465664,12280016896,74.0,74.0
1610.0045494239894,30069,756506624,12301783040,75.0,75.0
1615.0289992059988,30163,756543488,12273795072,75.0,75.0
1620.023137666998,30256,756584448,12282249216,76.0,76.0
1625.0062550000002,30348,756621312,12280406016,75.0,75.0
1630.001255693991,30442,756658176,12276576256,76.0,76.0
1635.0393368549994,30536,756695040,12227489792,77.0,77.0
1640.0307428519882,30629,756736000,12244439040,70.0,70.0
1645.0525077849888,30721,756772864,12225724416,75.0,75.0
1650.0018270029977,30813,756813824,12249698304,75.0,75.0
1655.041990532991,30906,756850688,12264833024,75.0,75.0
1660.0365788859926,30998,756883456,12233469952,76.0,76.0
1665.043883210994,31091,756924416,12270428160,75.0,75.0
1670.0419146079948,31184,756961280,12277317632,75.0,75.0
1675.0035993419879,31276,757002240,12291047424,76.0,76.0
1680.0508370019961,31369,757035008,12287963136,75.0,75.0
1685.0264097339968,31462,757071872,12283707392,75.0,75.0
1690.0345394709875,31556,757108736,12280143872,75.0,75.0
1695.0366040269873,31649,757149696,12211437568,74.0,74.0
1700.0162557089934,31742,757186560,12239147008,75.0,75.0
1705.0427424749942,31836,757227520,12262907904,70.0,70.0
1710.0422739139904,31928,757260288,12244074496,77.0,77.0
1715.0040932209959,32020,757301248,12241264640,75.0,75.0
1720.0197369279922,32113,757338112,12275503104,74.0,74.0
1725.023554526997,32206,757379072,12255178752,69.0,70.0
1730.0315810289903,32299,757415936,12285517824,75.0,75.0
1735.0396184229903,32392,757452800,12271812608,69.0,70.0
1740.0344042149954,32484,757489664,12247003136,77.0,77.0
1745.0324553479877,32576,757530624,12276862976,75.0,75.0
1750.0211509069923,32668,757563392,12282232832,76.0,76.0
1755.0457701129926,32761,757604352,12218089472,76.0,76.0
1760.0270440389868,32854,757637120,12234592256,69.0,72.0
1765.0205352279881,32946,757673984,12232818688,76.0,76.0
1770.0568633660005,33039,757714944,12256878592,74.0,74.0
1775.0382874619972,33132,757751808,12267474944,75.0,76.0
1780.0084106119903,33224,757792768,12260352000,74.0,74.0
1785.0145198469982,33318,757829632,12287848448,76.0,76.0
1790.011893072995,33411,757866496,12300623872,70.0,70.0
1795.0203061749926,33504,757903360,12288425984,77.0,77.0
1800.0158041749964,33596,757944320,12281286656,76.0,76.0
1800.0338681419962,33596,757944320,12281286656,76.0,76.0
