iteration,elapsed_s,window_index,latency_ms,finite,correct,max_abs_error
1,0.01889210700755939,0,18.749216,True,True,1.430511474609375e-06
2,0.03882778901606798,0,19.766722,True,True,1.430511474609375e-06
3,0.05760338899563067,0,18.654944,True,True,1.430511474609375e-06
4,0.07618500001262873,0,18.462051,True,True,1.430511474609375e-06
5,0.09378761501284316,0,17.487184,True,True,1.430511474609375e-06
6,0.11456047699903138,0,20.677465,True,True,1.430511474609375e-06
7,0.14084045600611717,0,26.141378,True,True,1.430511474609375e-06
8,0.16128812500392087,0,20.339464,True,True,1.430511474609375e-06
9,0.19586816101218574,0,34.478548,True,True,1.430511474609375e-06
10,0.2609631090017501,0,64.907921,True,True,1.430511474609375e-06
11,0.30618230599793606,0,45.061569,True,True,1.430511474609375e-06
12,0.34158140400541015,0,35.244723,True,True,1.430511474609375e-06
13,0.39138998501584865,0,49.666703,True,True,1.430511474609375e-06
14,0.42425542100681923,0,32.718406,True,True,1.430511474609375e-06
15,0.4559779209957924,0,31.592273,True,True,1.430511474609375e-06
16,0.48941344901686534,0,33.328635,True,True,1.430511474609375e-06
17,0.5213026420096867,0,31.769725,True,True,1.430511474609375e-06
18,0.5543711720092688,0,32.989724,True,True,1.430511474609375e-06
19,0.5876356619992293,0,33.131462,True,True,1.430511474609375e-06
20,0.6213666300172918,0,33.585307,True,True,1.430511474609375e-06
21,0.6535741690022405,0,32.080695,True,True,1.430511474609375e-06
22,0.692276045010658,0,38.596145,True,True,1.430511474609375e-06
23,0.7416619870055001,0,49.237923,True,True,1.430511474609375e-06
24,0.7745960149914026,0,32.785553,True,True,1.430511474609375e-06
25,0.8075098039989825,0,32.786087,True,True,1.430511474609375e-06
26,0.8403035640076268,0,32.659165,True,True,1.430511474609375e-06
27,0.8753846210020129,0,34.953015,True,True,1.430511474609375e-06
28,0.9096806260058656,0,34.152037,True,True,1.430511474609375e-06
29,0.9432258169981651,0,33.414335,True,True,1.430511474609375e-06
30,0.976329296012409,0,32.968456,True,True,1.430511474609375e-06
31,0.9970362790045328,0,20.569124,True,True,1.430511474609375e-06
32,1.0147785750159528,0,17.650504,True,True,1.430511474609375e-06
33,1.0332483660022262,0,18.37208,True,True,1.430511474609375e-06
34,1.050917988002766,0,17.563434,True,True,1.430511474609375e-06
35,1.0683286059938837,0,17.339269,True,True,1.430511474609375e-06
36,1.0868776220013388,0,18.480117,True,True,1.430511474609375e-06
37,1.104709161008941,0,17.754041,True,True,1.430511474609375e-06
38,1.1343425810046028,0,29.515945,True,True,1.430511474609375e-06
39,1.1539723509922624,0,19.494341,True,True,1.430511474609375e-06
40,1.1782260519976262,0,24.120384,True,True,1.430511474609375e-06
41,1.2092886450118385,0,30.947983,True,True,1.430511474609375e-06
42,1.2415570360026322,0,32.184196,True,True,1.430511474609375e-06
43,1.2739136019954458,0,32.261681,True,True,1.430511474609375e-06
44,1.30735725001432,0,33.349457,True,True,1.430511474609375e-06
45,1.3416773510107305,0,34.184276,True,True,1.430511474609375e-06
46,1.3747804969898425,0,32.980013,True,True,1.430511474609375e-06
47,1.4075466720096301,0,32.635127,True,True,1.430511474609375e-06
48,1.4404314419953153,0,32.767107,True,True,1.430511474609375e-06
49,1.4733872399956454,0,32.839744,True,True,1.430511474609375e-06
50,1.5088263599900529,0,35.318055,True,True,1.430511474609375e-06
51,1.5445740900177043,0,35.621003,True,True,1.430511474609375e-06
52,1.5805419440148398,0,35.834462,True,True,1.430511474609375e-06
53,1.6110993690090254,0,30.42106,True,True,1.430511474609375e-06
54,1.643555089016445,0,32.324904,True,True,1.430511474609375e-06
55,1.6757757129962556,0,32.117209,True,True,1.430511474609375e-06
56,1.7097572709899396,0,33.886492,True,True,1.430511474609375e-06
57,1.7569384160160553,0,47.063214,True,True,1.430511474609375e-06
58,1.7886931149987504,0,31.617727,True,True,1.430511474609375e-06
59,1.8204116999986582,0,31.63342,True,True,1.430511474609375e-06
60,1.8529464029998053,0,32.45607,True,True,1.430511474609375e-06
61,1.877862430003006,0,24.824594,True,True,1.430511474609375e-06
62,1.9096107069926802,0,31.673007,True,True,1.430511474609375e-06
63,1.941541929001687,0,31.846721,True,True,1.430511474609375e-06
64,1.9736969489895273,0,32.06726,True,True,1.430511474609375e-06
65,1.993964079010766,0,20.177478,True,True,1.430511474609375e-06
66,2.0113562750048004,0,17.32629,True,True,1.430511474609375e-06
67,2.028483211004641,0,17.070693,True,True,1.430511474609375e-06
68,2.0460395970148966,0,17.499997,True,True,1.430511474609375e-06
69,2.063088665017858,0,17.000074,True,True,1.430511474609375e-06
70,2.0802559049916454,0,17.107944,True,True,1.430511474609375e-06
71,2.097554564999882,0,17.247962,True,True,1.430511474609375e-06
72,2.1145400810055435,0,16.929935,True,True,1.430511474609375e-06
73,2.138306417997228,0,23.712903,True,True,1.430511474609375e-06
74,2.161313960008556,0,22.881438,True,True,1.430511474609375e-06
75,2.1986233640054706,0,37.233431,True,True,1.430511474609375e-06
76,2.2255046300124377,0,26.793452,True,True,1.430511474609375e-06
77,2.254966473992681,0,29.392931,True,True,1.430511474609375e-06
78,2.304213247000007,0,49.176207,True,True,1.430511474609375e-06
79,2.336787373991683,0,32.441731,True,True,1.430511474609375e-06
80,2.3682883259898517,0,31.404639,True,True,1.430511474609375e-06
81,2.4006291200057603,0,32.270677,True,True,1.430511474609375e-06
82,2.43229728701408,0,31.584545,True,True,1.430511474609375e-06
83,2.4595832329941913,0,27.193346,True,True,1.430511474609375e-06
84,2.4886142240138724,0,28.94688,True,True,1.430511474609375e-06
85,2.520943661016645,0,32.249458,True,True,1.430511474609375e-06
86,2.553720133000752,0,32.684392,True,True,1.430511474609375e-06
87,2.5886558780039195,0,34.838936,True,True,1.430511474609375e-06
88,2.6303458680049516,0,41.574413,True,True,1.430511474609375e-06
89,2.6576366540102754,0,27.188388,True,True,1.430511474609375e-06
90,2.6873362500045914,0,29.630507,True,True,1.430511474609375e-06
91,2.73637261899421,0,48.952724,True,True,1.430511474609375e-06
92,2.7684021109889727,0,31.88407,True,True,1.430511474609375e-06
93,2.8000707419996615,0,31.583708,True,True,1.430511474609375e-06
94,2.8271601159940474,0,27.01624,True,True,1.430511474609375e-06
95,2.8581835289951414,0,30.946886,True,True,1.430511474609375e-06
96,2.888708949001739,0,30.433278,True,True,1.430511474609375e-06
97,2.9200179530016612,0,31.21309,True,True,1.430511474609375e-06
98,2.952446115989005,0,32.344995,True,True,1.430511474609375e-06
99,2.9792691670008935,0,26.714139,True,True,1.430511474609375e-06
100,2.997652874008054,0,18.294388,True,True,1.430511474609375e-06
101,3.0147759699902963,0,17.058208,True,True,1.430511474609375e-06
102,3.031954659993062,0,17.121738,True,True,1.430511474609375e-06
103,3.0493329759920016,0,17.322798,True,True,1.430511474609375e-06
104,3.0663788210076746,0,16.990941,True,True,1.430511474609375e-06
105,3.083924295991892,0,17.487083,True,True,1.430511474609375e-06
106,3.100911752000684,0,16.93283,True,True,1.430511474609375e-06
107,3.1182475670066196,0,17.281444,True,True,1.430511474609375e-06
108,3.144745408993913,0,26.440285,True,True,1.430511474609375e-06
109,3.1716940499900375,0,26.821927,True,True,1.430511474609375e-06
110,3.2019147039973177,0,30.119244,True,True,1.430511474609375e-06
111,3.2330733540002257,0,31.065436,True,True,1.430511474609375e-06
112,3.265775775013026,0,32.620639,True,True,1.430511474609375e-06
113,3.297766310017323,0,31.839858,True,True,1.430511474609375e-06
114,3.3306835379917175,0,32.812252,True,True,1.430511474609375e-06
115,3.362916106998455,0,32.083028,True,True,1.430511474609375e-06
116,3.3947061389917508,0,31.679115,True,True,1.430511474609375e-06
117,3.4214810720004607,0,26.671582,True,True,1.430511474609375e-06
118,3.451767785998527,0,30.197422,True,True,1.430511474609375e-06
119,3.48447162201046,0,32.620737,True,True,1.430511474609375e-06
120,3.51625669101486,0,31.668422,True,True,1.430511474609375e-06
121,3.547955137997633,0,31.604475,True,True,1.430511474609375e-06
122,3.5802072060178034,0,32.159262,True,True,1.430511474609375e-06
