iteration,latency_ms
1,0.050459
2,0.016969
3,0.014278
4,0.013816
5,0.01347
6,0.014426
7,0.013176
8,0.013207
9,0.012937
10,0.013062
11,0.013162
12,0.012894
13,0.01286
14,0.012814
15,0.012733
16,0.013172
17,0.013285
18,0.014589
19,0.012949
20,0.012763
21,0.012738
22,0.012856
23,0.012631
24,0.012496
25,0.012796
26,0.012471
27,0.012689
28,0.012454
29,0.012675
30,0.012491
31,0.012524
32,0.012691
33,0.012494
34,0.012531
35,0.012519
36,0.012556
37,0.012578
38,0.012669
39,0.012873
40,0.012796
41,0.012693
42,0.012733
43,0.013493
44,0.012921
45,0.012894
46,0.012907
47,0.012732
48,0.013395
49,0.012884
50,0.012746
51,0.012872
52,0.01279
53,0.013701
54,0.013122
55,0.01278
56,0.012486
57,0.012418
58,0.012357
59,0.012447
60,0.012483
61,0.012399
62,0.012552
63,0.012378
64,0.012549
65,0.012352
66,0.012407
67,0.012299
68,0.012358
69,0.012375
70,0.012204
71,0.012483
72,0.015991
73,0.013315
74,0.012424
75,0.012323
76,0.012358
77,0.012314
78,0.013061
79,0.012689
80,0.012316
81,0.01248
82,0.012266
83,0.012301
84,0.012275
85,0.012323
86,0.012364
87,0.012471
88,0.012317
89,0.012479
90,0.012307
91,0.012205
92,0.012549
93,0.012173
94,0.012459
95,0.012397
96,0.012335
97,0.012395
98,0.012408
99,0.012403
100,0.012492
