elapsed_s,worker_rss_bytes,supervisor_rss_bytes,system_available_memory_bytes,package_temperature_c,max_sensor_temperature_c
7.525202818214893e-05,716800,36175872,6559154176,69.0,69.0
5.014181959035341,582172672,36212736,5727391744,67.0,67.0
10.00844478403451,582172672,36220928,5695008768,59.0,59.0
15.00712507602293,582176768,36257792,5766602752,58.0,58.0
20.004007451003417,582176768,36265984,5809631232,58.0,58.0
25.007713277998846,582176768,36286464,5837369344,58.0,58.0
30.00627729599364,582176768,36298752,5983797248,59.0,60.0
35.013376759015955,582176768,36298752,6013726720,60.0,60.0
40.00500301801367,582176768,36311040,6005817344,60.0,60.0
45.007416895008646,582176768,36311040,5999902720,59.0,60.0
50.01088213303592,582176768,36319232,6026498048,69.0,69.0
55.00014682300389,582176768,36335616,6041010176,59.0,60.0
60.010633850994054,582176768,36388864,5990883328,60.0,60.0
65.00676731200656,582176768,36388864,5956698112,60.0,60.0
70.01593770901673,582176768,36388864,5853470720,60.0,60.0
75.00541667203652,582176768,36392960,5887578112,59.0,60.0
80.009273683012,582176768,36401152,5918732288,60.0,60.0
85.0040108570247,582176768,36401152,5912551424,58.0,68.0
90.01276230398798,582176768,36401152,6014492672,59.0,60.0
95.00054872198962,582176768,36401152,6014324736,59.0,60.0
100.01587604900124,582176768,36401152,6025441280,59.0,60.0
105.01515198900597,582176768,36401152,6044819456,60.0,60.0
110.01125396898715,582176768,36401152,6010667008,60.0,60.0
115.00365768600022,582176768,36401152,6002315264,60.0,60.0
120.00470931699965,582176768,36401152,6007963648,60.0,60.0
125.01649660401745,582176768,36450304,6001098752,59.0,59.0
130.00224637199426,582176768,36450304,5827284992,62.0,62.0
135.12062329699984,582307840,36458496,5836906496,60.0,60.0
140.14787729701493,582307840,36458496,5844033536,58.0,58.0
145.17055698903278,582307840,36458496,5851418624,57.0,57.0
